Num,Ticker,Name,Data FX,FY 2002,FY 2003,FY 2004,FY 2005,FY 2006,FY 2007,FY 2008,FY 2009,FY 2010,FY 2011,FY 2012,FY 2013,FY 2014,FY 2015,FY 2016,FY 2017,FY 2018,FY 2019,FY 2020,FY 2021,FY 2022,FY 2023,,,,,,,
1,BHP AU Equity,BHP GROUP LTD,AUD,3366.687,3664.0503,6408.5261,9174.7261,13187.0213,25064.4526,27512.0268,16051.768,22864.8774,33335.5465,22668.0979,19059.7438,23553.9105,9176.9786,6531.6213,16429.1007,20454.3505,23301.4623,21168.2883,35421.4917,47054.9,33212.1423,,,,,,,
2,RIO AU Equity,RIO TINTO LTD,AUD,2393.1169,2488.5162,2019.5748,8665.4548,11321.9803,10008.0125,18546.4442,9757.3626,21355.8105,13428.1774,-1861.4428,7775.3363,12632.1212,5165.7024,9089.4746,18366.7187,23765.0245,16497.0455,24442.8548,39723.0244,28754.8941,#N/A,,,,,,,
3,CBA AU Equity,COMMONWEALTH BANK OF AUSTRAL,AUD,3560,2954,3921,5008,5855,6545,6241,6463,8193,9057,9964,10480,11847,12327,12560,13392,12705,11080,10309,11776,12672,14230,,,,,,,
4,CSL AU Equity,CSL LTD,AUD,180.938,131.241,149.036,432.669,186.096,785.094,955.002,1199.54,1553.4518,1215.5176,1185.3906,1454.4261,1811.1604,2112.7722,1974.5964,2346.5027,3071.9598,3502.4228,4052.1214,4194.8267,4036.0349,4562.9897,,,,,,,
5,NAB AU Equity,NATIONAL AUSTRALIA BANK LTD,AUD,4937,5603,5415,-1155,6788,7942,3187,4983,5676,6728,6159,8088,7782,9515,8978,8661,8400,8345,5163,9068,9744,#N/A,,,,,,,
6,ANZ AU Equity,ANZ GROUP HOLDINGS LTD,AUD,2830,3232,3664,4100,5032,5468,4392,3915,6168,7236,15027,8595,9791,9908,7637,8933,9712,8658,5361,9113,9902,#N/A,,,,,,,
7,WBC AU Equity,WESTPAC BANKING CORP,AUD,1920,2942,3458,4099,4530,5145,4901,6096,8038,8514,8862,9865,10740,11411,10614,11498,11741,9772,4289,8509,8476,#N/A,,,,,,,
8,FMG AU Equity,FORTESCUE METALS GROUP LTD,AUD,-0.6624,-1.4711,-1.0595,-4.8018,-9.4818,-29.7933,31.3221,642.389,1289.3726,2670.656,2684.6352,2848.2429,5105.6353,1178.9701,2495.8898,4559.291,2379.8235,6590.8212,10232.8559,20220.9408,12552.11,10365.9708,,,,,,,
9,WDS AU Equity,WOODSIDE ENERGY GROUP LTD,AUD,2002.4755,1310.9745,611.3846,1696.8294,2657.4189,2405.7952,4107.0633,2092.4165,2492.4553,2091.3689,3658.1651,2610.0916,4054.9331,587.4355,1867.129,2236.7881,3051.1597,1569.7084,-7510.488,4653.4703,13251.5155,#N/A,,,,,,,
10,MQG AU Equity,MACQUARIE GROUP LTD,AUD,349,406,635,530,927,538,1496,915,1524,1092,941,1313,1957,2517,3011,3053,3223,3923,3359,3910,6299,7105,,,,,,,
11,WES AU Equity,WESFARMERS LTD,AUD,567,661.694,682.897,972.09,1296.916,1109.643,2086,2881,2625,3102,3421,3277,2720,3650,1101,3947,2262,2719,2521,3563,3401,3813,,,,,,,
12,TEAM US Equity,ATLASSIAN CORP-CL A,AUD,#N/A,#N/A,#N/A,#N/A,#N/A,#N/A,#N/A,#N/A,#N/A,#N/A,#N/A,12.7835,23.4591,2.0599,-8.077,-83.6856,-59.4246,-88.6264,21.0117,136.2099,96.6373,-513.2761,,,,,,,
13,TLS AU Equity,TELSTRA GROUP LTD,AUD,6015,5838,6078,6748,5334,5718,6021,6555,6499,5691,5822,6091,7161,6519,6295,6206,5749,3690,3872,3016,2929,3419,,,,,,,
14,WOW AU Equity,WOOLWORTHS GROUP LTD,AUD,835.1,906.8,879.4,1194.2,1676.8,2097.6,2457.9,2815.5,3082.1,3254.4,3346.4,3594.6,3775.2,3549.9,1494.9,2326,2548,2351,2026,2788,2623,2943,,,,,,,
15,GMG AU Equity,GOODMAN GROUP,AUD,#N/A,#N/A,#N/A,117.6,287.8,249.7,141.6,56.3,104,195.9,194.3,233.3,289.8,240.2,108.8,232.9,362.4,486.8,574.8,530.4,896.3,672,,,,,,,
16,TCL AU Equity,TRANSURBAN GROUP,AUD,26.382,-24.192,7.908,-3.785,-26.193,28.632,70.478,138.489,222.412,314.483,335.294,364,429,231,664,898,978,1229,596,551,574,997,,,,,,,
17,ALL AU Equity,ARISTOCRAT LEISURE LTD,AUD,136.679,27.204,269.198,355.137,363.119,338.349,226.838,-194.523,114.606,108.628,108.628,148.076,159.042,296.3,598.1,786.2,871.7,1098.7,503.3,1067.8,1447.6,#N/A,,,,,,,
18,STO AU Equity,SANTOS LTD,AUD,957.799,525.304,754.8814,1257.3637,1398.0196,986.4597,1249.122,759,798,1182,822,848,-1459,-3446.0217,-1678.8019,-225.7668,1581.8348,1864.6582,-136.5279,1863.7861,4673.9506,#N/A,,,,,,,
19,QBE AU Equity,QBE INSURANCE GROUP LTD,AUD,385,853,1292,1444,2232,2788,2692,2662.843,1925.9882,1101.8936,1219.0664,-106.767,1362.0046,1594.4677,1841.5703,-638.1502,1268.4145,1402.81,-1610.739,1650.6297,1787.3533,#N/A,,,,,,,
20,NCM AU Equity,NEWCREST MINING LTD,AUD,84.0716,181.2811,176.949,306.8879,284.1084,997.229,852.7845,1094.2347,1296.2103,1538.1113,1617,-5989,-2562,978.2688,832.4211,810.5111,556.2386,1277.0415,1770.6122,2260.9178,1829.7979,1724.6882,,,,,,,
21,1208 HK Equity,MMG LTD,AUD,16.3876,22.2181,15.1366,51.1808,1538.9103,755.4388,76.7853,300.8168,585.8577,728.9748,411.4107,275.4175,268.9598,-1424.0981,339.796,1724.3105,1099.3818,487.6024,705.1522,2444.3708,1065.6319,#N/A,,,,,,,
22,COL AU Equity,COLES GROUP LTD,AUD,330.1,542.4,703.6,1002.6,840.8,894.8,1779,1522,1463.1,1461.7,1768,1878,1834,1872,1872,1872,1872,1872,1872,1872,1872,1872,,,,,,,
23,WTC AU Equity,WISETECH GLOBAL LTD,AUD,#N/A,#N/A,#N/A,#N/A,#N/A,#N/A,#N/A,#N/A,#N/A,#N/A,#N/A,3.9,13.1,14.1,4.639,41.497,58.363,80.249,80.5,149.8,255,300.2,,,,,,,
24,REA AU Equity,REA GROUP LTD,AUD,-5.734,-1.5499,2.3591,5.4197,12.676,18.7524,40.414,46.957,70.899,92.692,110.798,145.05,203.898,290.126,343.778,165.246,410.418,264.771,253.388,462.632,575.2,541.6,,,,,,,
25,BXB AU Equity,BRAMBLES LTD,AUD,#N/A,#N/A,#N/A,#N/A,1114.3528,1256.6613,1061.2852,867.2551,817.6008,816.1014,886.8607,863.0478,1012.1927,1128.9751,1297.1209,1044.6441,1014.0061,1034.7813,1141.8734,1178.8401,1287.6151,1596.08,,,,,,,
26,SUN AU Equity,SUNCORP GROUP LTD,AUD,#N/A,#N/A,#N/A,#N/A,#N/A,3754,4646,523,1148,4234,4109,3243,3204,3478,3094,3050,2841,2992,1951,2039,2401,3411,,,,,,,
27,COH AU Equity,COCHLEAR LTD,AUD,45.087,82.41,59.391,84.357,109.157,137.047,139.477,174.645,219.352,240.195,76.804,-45.125,130.203,205.23,253.909,315.212,353.6,380.9,-254.2,387.7,399.9,399.9,,,,,,,
28,ORG AU Equity,ORIGIN ENERGY LTD,AUD,203.224,264.391,272.594,626.994,721.073,816.357,946,7852,851,491,1543,1129,855,-134,318,241,224,889,-333,-2018,-1448,423,,,,,,,
29,S32 AU Equity,SOUTH32 LTD,AUD,#N/A,#N/A,#N/A,#N/A,#N/A,#N/A,#N/A,#N/A,#N/A,#N/A,#N/A,#N/A,-59.9253,-337.707,-1542.589,1936.7369,1537.0769,587.4671,514.6261,83.0924,4759.9565,-71.3664,,,,,,,
30,CPU AU Equity,COMPUTERSHARE LTD,AUD,147.2777,61.752,110.761,134.302,242.0047,399.2342,464.1303,528.5279,483.0343,400.7424,261.8848,248.6293,420.5405,351.3896,413.2408,556.6965,582.9742,833.7029,573.8156,432.3218,504.6064,1066.2127,,,,,,,
31,NST AU Equity,NORTHERN STAR RESOURCES LTD,AUD,-0.0014,-0.102,-0.3194,-0.4395,-0.8016,-1.6248,-0.1894,-4.6882,-1.2858,20.691,29.875,35.36,34.439,163.072,237.72,264.937,273.726,222.322,362.303,-311.3,662.4,447.3,,,,,,,
32,IAG AU Equity,INSURANCE AUSTRALIA GROUP,AUD,-248,411,1213,1326,1285,1030,319,391,487,708,873,1717,1908,1050,1002,1421,1464,1389,579,-334,640,1512,,,,,,,
33,SHL AU Equity,SONIC HEALTHCARE LTD,AUD,92.533,109.311,132.142,238.28,284.84,308.644,357.645,318.501,434.944,455.14,492.075,505.804,572.431,515.447,660.652,640.986,692.25,808.32,811.914,1921.112,2157.024,1018.213,,,,,,,
34,SCG AU Equity,SCENTRE GROUP,AUD,#N/A,#N/A,#N/A,#N/A,#N/A,#N/A,#N/A,#N/A,#N/A,1505.6,1585.1,613.6,1201.3,1685.6,1643.4,1669.4,1718.4,1726.1,1501.4,1503.6,1552.1,#N/A,,,,,,,
35,SOL AU Equity,WASHINGTON H. SOUL PATTINSON,AUD,65.945,53.984,1.207,2.044,31.07,104.526,69.797,2466.59,201.734,615.249,51.022,20.986,58.045,-103.22,-41.453,318.457,318.815,314.881,-414.87,250.929,878.042,-56.763,,,,,,,
36,REH AU Equity,REECE LTD,AUD,59.542,66.418,86.989,106.985,122.453,149.271,163.665,148.73,160.109,170.326,158.643,158.219,185.959,236.053,298.087,307.882,322.551,354.736,408.107,514.467,578.651,654.104,,,,,,,
37,MIN AU Equity,MINERAL RESOURCES LTD,AUD,#N/A,#N/A,#N/A,#N/A,-0.0007,25.17,62.376,60.185,84.339,212.025,224.036,251.362,338.873,111.58,-42.587,296.893,396.936,267.3,1526.7,1878.5,603.6,619.4,,,,,,,
38,RHC AU Equity,RAMSAY HEALTH CARE LTD,AUD,47.003,50.326,70.236,98.899,192.487,190.757,251.885,301.593,331.622,376.424,415.46,452.092,519.226,751.069,830.387,868.12,703.996,996.901,861.4,1121.7,875.8,1001.5,,,,,,,
39,PLS AU Equity,PILBARA MINERALS LTD,AUD,#N/A,#N/A,#N/A,#N/A,-0.6213,-1.3291,-1.9134,-0.2378,-0.9906,-0.9969,-2.0991,-1.1587,-3.0416,-6.383,-53.217,-28.027,-16.905,-18.54,-71.616,-22.368,769.072,3211.923,,,,,,,
40,ASX AU Equity,ASX LTD,AUD,77.061,74.305,107.912,7.735,152.649,363.434,462.113,385.125,428.765,452.7,432.6,440.8,470.9,494.1,532.1,537.1,580,606.3,657.2,647.1,703.1,614.8,,,,,,,
41,APA AU Equity,APA GROUP,AUD,95.072,101.595,95.214,140.285,160.542,211.851,306.943,325.3,349.461,355.346,373.669,581.987,522.973,1038.515,781.381,874.076,916.49,933.966,974.534,934.675,870.626,885,,,,,,,
42,CAR AU Equity,CARSALES.COM LTD,AUD,#N/A,#N/A,#N/A,#N/A,#N/A,16.5516,27.5498,41.437,62.274,81.281,97.957,117.564,135.101,149.649,162.783,166.531,180.455,181.47,165.688,201.272,223.248,293.345,,,,,,,
43,SVW AU Equity,SEVEN GROUP HOLDINGS LTD,AUD,143.578,150.816,153.739,108.018,211.158,177.699,-94.089,1099.855,723.337,-91.77,37.406,563.433,218.5,-287.7,148.6,269.1,334.4,422.1,292.9,681.1,580.3,941.4,,,,,,,
44,TLC AU Equity,LOTTERY CORP LTD/THE,AUD,#N/A,#N/A,#N/A,#N/A,#N/A,#N/A,#N/A,#N/A,#N/A,#N/A,#N/A,#N/A,#N/A,#N/A,#N/A,#N/A,#N/A,#N/A,#N/A,539.4,538.4,508.4,,,,,,,
45,TPG AU Equity,TPG TELECOM LTD,AUD,#N/A,#N/A,#N/A,#N/A,#N/A,#N/A,#N/A,#N/A,#N/A,#N/A,#N/A,#N/A,597.5,157,203,312,746,746,746,746,746,746,,,,,,,
46,MPL AU Equity,MEDIBANK PRIVATE LTD,AUD,#N/A,#N/A,#N/A,#N/A,#N/A,#N/A,#N/A,#N/A,#N/A,#N/A,196.404,312.871,216.878,396.6,546.3,628.7,628.3,616.3,453.6,636.1,568.5,730.3,,,,,,,
47,EDV AU Equity,ENDEAVOUR GROUP LTD/AUSTRALI,AUD,#N/A,#N/A,#N/A,#N/A,#N/A,#N/A,#N/A,#N/A,#N/A,#N/A,#N/A,#N/A,885,861,40,899,924,1023,#N/A,#N/A,#N/A,#N/A,,,,,,,
48,TWE AU Equity,TREASURY WINE ESTATES LTD,AUD,#N/A,#N/A,#N/A,#N/A,#N/A,#N/A,#N/A,#N/A,#N/A,18.4,146,64.3,-219.4,141.3,275.4,408.7,506.3,663,434.1,429.3,444.9,409.2,,,,,,,
49,WOR AU Equity,WORLEY LTD,AUD,19.468,23.202,29.34,90.726,188.912,299.441,483.5,561.2,373,508.4,510.3,503.6,410.2,76.3,131.2,126,254.1,269,395,226,346,233,,,,,,,
50,BSL AU Equity,BLUESCOPE STEEL LTD,AUD,1.1,606.6,724.8,1258.5,496.3,868.4,1053.8,31.9,171.7,-1089.5,-904.5,-36.5,59.6,176,771.7,1015.3,1451,1312.5,311.6,1723.3,3815.7,1459.9,,,,,,,
51,QAN AU Equity,QANTAS AIRWAYS LTD,AUD,642.7,641.4,1601.4,361,29.6,756.4,2325,-429,441,563,-16,237,-3706,1088,1643,1377,1519,1451,-2384,-1869,-764,2733,,,,,,,
52,SGP AU Equity,STOCKLAND,AUD,257.129,297.036,350.131,506.5,421.9,608.8,544.5,-304.6,585.4,604.3,571.3,94,538,591,710,860,854,845,850,686,727,785,,,,,,,
53,PME AU Equity,PRO MEDICUS LTD,AUD,6.51,6.048,5.725,7.158,7.988,9.121,10.754,5.813,5.033,-0.409,0.141,-5.678,2.273,3.376,9.53,14.167,15.901,26.449,29.585,43.002,64.799,83.813,,,,,,,
54,VCX AU Equity,VICINITY CENTRES,AUD,#N/A,#N/A,#N/A,#N/A,11.914,-36.491,-85.3407,25.049,-8.256,-20.636,133.06,309.018,450.4,410,498.7,798.6,780.5,789.7,192.9,636.1,665.1,784.3,,,,,,,
55,ALX AU Equity,ATLAS ARTERIA,AUD,#N/A,#N/A,#N/A,#N/A,#N/A,#N/A,#N/A,#N/A,59.324,-115.761,-17.891,-23.529,-82.389,-28.557,-98.77,380.085,-81.269,-169.018,-174.589,-24.915,-23.348,#N/A,,,,,,,
56,ALD AU Equity,AMPOL LTD,AUD,359.385,282.103,636.878,614.861,479.125,693.992,97.036,379.503,468.858,-945.428,190.932,902.05,162.517,837.966,938.908,969.568,834.142,633.603,-666.3,814.2,1056,#N/A,,,,,,,
57,SEK AU Equity,SEEK LTD,AUD,#N/A,5.508,13.442,28.28,46.558,77.394,104.862,88.478,113.366,123.67,176.883,354.9,256,370,566.2,459,438.4,342.7,159.8,217,377.8,386.3,,,,,,,
58,AGL AU Equity,AGL ENERGY LTD,AUD,#N/A,#N/A,#N/A,#N/A,136.7,518.7,173.1,1025.6,342.1,785.5,184.6,623,954,540,-282,969,2425,1439,1576,-2442,1373,-1524,,,,,,,
59,IGO AU Equity,IGO LTD,AUD,-1.545,2.33,25.615,31.033,47.649,140.527,69.923,27.679,35.406,-0.292,-374.867,28.506,75.272,105.772,-61.501,24.796,89.616,104.242,122.234,180.137,290.6,-892,,,,,,,
60,MGR AU Equity,MIRVAC GROUP,AUD,224.028,300.788,371.538,269.896,353.351,344.459,85.55,-760.6,225.1,103.9,496.4,201.2,550.5,557,595,642,628,664,527,493,541,399,,,,,,,
61,DXS AU Equity,DEXUS/AU,AUD,#N/A,#N/A,#N/A,240.63,307.211,298.389,302.708,344.006,457.808,434.153,381.9,393.2,421.6,457.2,506.8,474.6,496.9,468,451.3,451.4,339.4,269.5,,,,,,,
62,GPT AU Equity,GPT GROUP,AUD,332.7,356.5,-702,145.5,349.1,245.8,98.8,315.5,329.2,360.9,385.1,403.3,403.8,434.7,458.4,454.5,483.2,495.4,480,394.8,505.2,#N/A,,,,,,,
63,EBO NZ Equity,EBOS GROUP LTD,AUD,7.7953,9.706,11.3653,257.3941,266.9184,14.8655,26.3438,27.5771,28.5046,27.1226,32.2228,40.5252,138.2665,160.6077,180.7423,193.2787,222.293,222.552,263.808,297.723,333.687,456.361,,,,,,,
64,ORI AU Equity,ORICA LTD,AUD,328.1,436.1,450.9,494.2,126.9,741.9,886.9,770.7,876.9,940.8,602.3,919.6,827.4,-1262.8,582.3,605.8,225.8,429.2,274.5,-83.9,351.3,#N/A,,,,,,,
65,EVN AU Equity,EVOLUTION MINING LTD,AUD,#N/A,-0.5676,-1.0653,-1.3133,-8.4417,-10.2258,-2.4815,-6.994,-5.205,7.582,70.218,-306.257,64.137,114,20.867,270.959,360.38,330.304,414.794,515.465,310.83,338.806,,,,,,,
66,YAL AU Equity,YANCOAL AUSTRALIA LTD,AUD,#N/A,#N/A,#N/A,#N/A,#N/A,#N/A,#N/A,48.926,178.384,385.507,68.724,-572.25,-101.274,-197.6,-101.2,681,1389,1089,-783,1537,5855,#N/A,,,,,,,
67,AZJ AU Equity,AURIZON HOLDINGS LTD,AUD,#N/A,#N/A,#N/A,#N/A,#N/A,#N/A,417,141,-71.6,221.7,593.1,680.1,458,955,330.1,124.5,965.5,828.9,1014.5,911,860.7,712,,,,,,,
68,WHC AU Equity,WHITEHAVEN COAL LTD,AUD,#N/A,#N/A,#N/A,#N/A,6.763,-30.847,72.56,366.782,171.999,33.746,26.012,-78.902,-4.177,-418.224,93.748,525.379,794.965,779.125,84.874,-701.902,2813.684,3737.721,,,,,,,
69,AKE AU Equity,ALLKEM LTD,AUD,#N/A,#N/A,#N/A,#N/A,-0.1016,-0.1883,-0.6536,-1.534,-3.5287,-3.3465,-4.2623,-9.6094,-6.6776,-10.9827,-14.4177,-24.0821,-22.8793,49.1248,-75.9618,6.5683,627.3725,1289.1464,,,,,,,
70,NXT AU Equity,NEXTDC LTD,AUD,#N/A,#N/A,#N/A,#N/A,#N/A,#N/A,#N/A,#N/A,#N/A,#N/A,-14.275,-5.403,-21.18,-6.161,9.968,25.634,34.107,40.168,39.097,39.946,57.411,61.81,,,,,,,
71,IEL AU Equity,IDP EDUCATION LTD,AUD,#N/A,#N/A,#N/A,#N/A,#N/A,#N/A,#N/A,#N/A,#N/A,#N/A,#N/A,30.899,38.381,44.527,53.818,63.152,77.012,100.597,107.57,64.871,164.974,230.217,,,,,,,
72,SDF AU Equity,STEADFAST GROUP LTD,AUD,#N/A,#N/A,#N/A,#N/A,#N/A,#N/A,#N/A,#N/A,#N/A,0.5,4.281,-16.432,16.924,50.657,89.899,92.147,112.606,136.782,-3.634,226.3,271.3,314.5,,,,,,,
73,IPL AU Equity,INCITEC PIVOT LTD,AUD,#N/A,62.628,112.972,77.19,34.802,292.6,970.4,-222.8,561.8,657.2,479.1,382.3,355.1,538.3,150.9,461.3,276,258.8,254.3,231.1,1422.6,#N/A,,,,,,,
74,ALU AU Equity,ALTIUM LTD,AUD,5.704,-0.25,-5.213,-3.13,1.042,1.748,-3.4064,-0.9792,-7.7557,-6.118,-3.9348,3.7847,18.9778,24.8137,33.7982,39.1314,50.6396,79.392,75.841,64.4207,93.59,128.4729,,,,,,,
75,ALQ AU Equity,ALS LTD,AUD,21.076,22.105,27.991,43.052,51.896,90.687,116.055,163.633,121.721,196.366,315.1,324.2,233.2,-97.1,-165.8,175.6,143.6,255.5,183.2,285.2,307,431.1,,,,,,,
76,CWY AU Equity,CLEANAWAY WASTE MANAGEMENT L,AUD,#N/A,3.795,20.842,41.593,77.756,225.228,412.445,264.084,252.206,-97.406,205.9,-157.5,-114.8,-5.4,97.2,142,149.4,212.2,207,244.7,170.4,130.1,,,,,,,
77,BLD AU Equity,BORAL LTD,AUD,301.3,420,534.3,520.4,503.1,466.8,364.9,192.2,84.8,204.8,235.5,-292,124.5,277.8,264.9,257.7,477,506.1,73.4,121.6,17.6,233.7,,,,,,,
78,BEN AU Equity,BENDIGO AND ADELAIDE BANK,AUD,55.32,76.192,90.7,106.6,128,156,274.4,88.4,338,421.1,325.4,486,536.3,585.1,606.9,628.3,634.5,552,286.1,753.7,701.4,724.8,,,,,,,
79,JBH AU Equity,JB HI-FI LTD,AUD,11.541,16.416,23.636,34.136,43.49,66.843,104.698,143.536,175.11,164.849,161.459,177.753,191.12,200.907,221.175,268.2,350.6,372.9,483.3,743.1,794.6,769,,,,,,,
80,NHC AU Equity,NEW HOPE CORP LTD,AUD,43.67,36.623,21.187,62.097,57.848,61.899,116.63,2615.862,145.981,626.609,116.996,58.881,31.299,-63.011,-94.081,192.553,274.476,326.611,-199.424,139.763,1428.795,1523.657,,,,,,,
81,TNE AU Equity,TECHNOLOGY ONE LTD,AUD,10.587,9.107,12.088,14.551,15.172,18.659,22.238,19.653,22.41,25.697,29.464,33.815,38.694,45.032,51.649,57.339,24.493,75.781,83.615,99.12,113.707,#N/A,,,,,,,
82,QUB AU Equity,QUBE HOLDINGS LTD,AUD,#N/A,#N/A,#N/A,#N/A,#N/A,#N/A,#N/A,#N/A,-5.784,-15.232,-1.499,127.114,143.522,140.823,139.6,86.6,297.2,305.7,196.2,-52.8,222.2,274.6,,,,,,,
83,HVN AU Equity,HARVEY NORMAN HOLDINGS LTD,AUD,167.244,209.166,259.43,293.993,300.451,518.488,473.787,321.232,376.416,351.997,219.059,168.917,281.804,366.91,478.806,617.466,540.314,585.581,705.616,1217.014,1173.577,845.358,,,,,,,
84,DMP AU Equity,DOMINO'S PIZZA ENTERPRISES L,AUD,3.141,5.654,6.867,9.468,15.432,9.283,16.394,19.173,23.051,29.045,35.369,39.483,68.315,99.529,127.626,154.384,181.002,168.501,213.643,282.751,261.244,116.224,,,,,,,
85,VEA AU Equity,VIVA ENERGY GROUP LTD,AUD,#N/A,#N/A,#N/A,#N/A,#N/A,#N/A,#N/A,#N/A,#N/A,#N/A,#N/A,#N/A,#N/A,433.2,1635.2,414.4,302.9,203.7,-96.3,530,778.7,#N/A,,,,,,,
86,LLC AU Equity,LENDLEASE GROUP,AUD,442.2,262.7,244.6,324.2,332.3,229.4,168.9,-573.3,268.7,333.6,411.7,612.6,1052,878.4,823.3,1037.1,1007,542,-370,311,-242,-178,,,,,,,
87,CHC AU Equity,CHARTER HALL GROUP,AUD,#N/A,#N/A,#N/A,#N/A,17.551,33.074,39.958,4.433,0.375,10.532,38.308,25.762,22.195,27.439,46.361,83.97,100.1,151.9,271.6,227.3,553,431.8,,,,,,,
88,FLT AU Equity,FLIGHT CENTRE TRAVEL GROUP L,AUD,91.844,93.172,115.825,111.135,107.919,154.614,230.778,31.644,201.71,214.638,277.776,336.378,338.238,358.794,344.287,326.215,362.333,339.259,-848.024,-587.78,-341.749,125.931,,,,,,,
89,CGF AU Equity,CHALLENGER LTD,AUD,#N/A,#N/A,66.828,173.2,181,302.6,-64.2,-184,342.3,289.9,146.2,532.2,407.7,391.1,395.1,501.1,388.4,415.6,-619.9,795.4,334.4,382.7,,,,,,,
90,LTR AU Equity,LIONTOWN RESOURCES LTD,AUD,#N/A,#N/A,#N/A,#N/A,-0.0178,-1.005,-2.1923,-6.6004,-0.7307,-1.1899,-1.2152,-3.003,-1.3942,-1.3445,-2.0941,-3.2924,-4.5875,-12.7383,-14.4322,-11.678,-52.211,-34.234,,,,,,,
91,BKW AU Equity,BRICKWORKS LTD,AUD,34.961,50.329,80.272,-18.108,94.849,90.833,21.851,-20.4,48.77,21.432,-35.638,35.288,50.351,26.637,-13.385,83.124,47.961,112.152,-60.076,9.985,678.038,169.278,,,,,,,
92,CIA AU Equity,CHAMPION IRON LTD,AUD,#N/A,#N/A,#N/A,#N/A,0,-0.383,-1.456,-3.3009,-0.7098,-0.4508,-0.2579,-0.745,-49.7714,-9.8384,-4.0904,-33.4643,-84.8981,275.6,360.2971,816.7627,942.5792,410.538,,,,,,,
93,PMV AU Equity,PREMIER INVESTMENTS LTD,AUD,#N/A,#N/A,#N/A,#N/A,#N/A,#N/A,#N/A,94.617,79.453,44.368,80.389,232.355,81.097,99.784,126.692,123.774,111.017,136.79,191.929,366.112,373.119,348.929,,,,,,,
94,MTS AU Equity,METCASH LTD,AUD,98.719,136.975,162.483,185.783,222.792,229.259,341.3,374.4,393.2,424.9,441.2,444.4,385.5,294.2,268.3,294,334,325.3,329.6,361.2,453.1,462.4,,,,,,,
95,BPT AU Equity,BEACH ENERGY LTD,AUD,3.748,10.715,11.212,21.943,32.098,102.585,135.257,286.44,37.64,-123.488,194.062,220.532,218.845,-653.2,-601.8,323.4,321.7,872.7,704.6,451.2,736.5,588.5,,,,,,,
96,NHF AU Equity,NIB HOLDINGS LTD,AUD,#N/A,#N/A,#N/A,#N/A,69.477,49.228,-5.359,31.595,86.966,91.916,95.657,98.042,101.913,113.014,137.67,179.5,199.1,221.7,135.5,242.8,205.1,302.9,,,,,,,
97,SMR AU Equity,STANMORE RESOURCES LTD,AUD,#N/A,#N/A,#N/A,#N/A,#N/A,#N/A,#N/A,#N/A,-1.8547,-2.7378,-7.136,-6.683,-12.061,-12.701,-16.964,15.743,18.826,138.154,3.392,28.6429,1204.9849,#N/A,,,,,,,
98,BOQ AU Equity,BANK OF QUEENSLAND LTD,AUD,47.727,66.1,201.2,108.2,212.3,145.2,201.9,193.2,258.1,221.8,-19.3,275.8,383,462,496,507,493,435,173,538,601,281,,,,,,,
99,APE AU Equity,EAGERS AUTOMOTIVE LTD,AUD,12.564,20.3,58.908,30.525,30.534,56.823,38.751,69.182,63.58,82.697,96.362,96.755,106.224,125.153,145.047,144.005,169.069,246.783,455.432,530.084,534.74,#N/A,,,,,,,
100,ORA AU Equity,ORORA LTD,AUD,#N/A,#N/A,#N/A,#N/A,#N/A,#N/A,#N/A,#N/A,#N/A,232,208,-57.6,-101.1,224.5,280,280.7,320.7,192.5,86.1,210.5,285.5,294.5,,,,,,,
101,NIC AU Equity,NICKEL INDUSTRIES LTD,AUD,#N/A,#N/A,#N/A,#N/A,#N/A,#N/A,#N/A,#N/A,#N/A,#N/A,#N/A,#N/A,#N/A,#N/A,-1.9879,-4.4779,-2.0907,129.8104,229.0014,258.4739,373.458,#N/A,,,,,,,
102,NWL AU Equity,NETWEALTH GROUP LTD,AUD,#N/A,#N/A,#N/A,#N/A,#N/A,#N/A,#N/A,#N/A,#N/A,#N/A,#N/A,#N/A,11.922,19.616,22.978,27.389,47.682,60.301,74.58,78.233,90.101,#N/A,,,,,,,
103,ILU AU Equity,ILUKA RESOURCES LTD,AUD,136.4,80.3,153.9,165.3,136.5,111,39.4,-139.1,86.1,789.9,545.7,73.5,-20.3,147.1,-249.3,-130.7,482.8,-33.9,211.9,483.5,711.5,#N/A,,,,,,,
104,BRG AU Equity,BREVILLE GROUP LTD,AUD,27.786,32.657,39.314,31.851,29.189,25.836,30.062,25.468,34.177,46.169,65.398,71.725,71.041,70.573,73.894,79.365,87.431,96.729,97.41,139.352,156.546,171.323,,,,,,,
105,NEC AU Equity,NINE ENTERTAINMENT CO HOLDIN,AUD,#N/A,#N/A,#N/A,#N/A,#N/A,#N/A,#N/A,#N/A,#N/A,#N/A,#N/A,164.843,111.156,-663.449,59.284,-188.127,276.069,295.923,-454.779,301.097,472.996,317.088,,,,,,,
106,SUL AU Equity,SUPER RETAIL GROUP LTD,AUD,#N/A,#N/A,5.726,34.674,29.391,38.33,48.378,53.689,66.086,86.129,140.4,171.1,188.2,155.2,104.4,156.4,219.6,213.4,211.5,468.8,393.1,426.8,,,,,,,
107,AUB AU Equity,AUB GROUP LTD,AUD,#N/A,#N/A,#N/A,#N/A,5.124,5.761,7.392,9.057,12.66,15.834,19.308,39.388,34.207,33.071,37.642,29.707,38.157,34.763,37.449,64.875,83.153,91.413,,,,,,,
108,CRN AU Equity,CORONADO GLOBAL RESOURCE-CDI,AUD,#N/A,#N/A,#N/A,#N/A,#N/A,#N/A,#N/A,#N/A,#N/A,#N/A,#N/A,#N/A,#N/A,#N/A,48.4996,198.0549,446.1283,657.2388,-214.8877,402.8176,1509.3268,#N/A,,,,,,,
109,AMP AU Equity,AMP LTD,AUD,#N/A,#N/A,#N/A,#N/A,#N/A,#N/A,#N/A,#N/A,#N/A,#N/A,#N/A,#N/A,#N/A,#N/A,#N/A,#N/A,#N/A,-2163,-30,-413,-144,#N/A,,,,,,,
110,TLX AU Equity,TELIX PHARMACEUTICALS LTD,AUD,#N/A,#N/A,#N/A,#N/A,#N/A,#N/A,#N/A,#N/A,#N/A,#N/A,#N/A,#N/A,#N/A,#N/A,#N/A,-6.3578,-27.647,-28.714,-46.76,-96.102,-90.904,#N/A,,,,,,,
111,PDN AU Equity,PALADIN ENERGY LTD,AUD,-0.681,-0.532,-1.4889,-13.1225,-16.6209,-55.0195,-22.1357,-1068.6672,7.4978,-39.5427,-218.8055,-315.811,-525.0546,-381.4527,-260.1714,-393.797,504.1599,-38.6749,-46.9533,-32.4503,-32.7516,-26.7267,,,,,,,
112,SFR AU Equity,SANDFIRE RESOURCES LTD,AUD,#N/A,#N/A,-0.8459,-2.0782,-2.8215,-5.7556,-5.6538,-5.4865,-30.555,-61.682,-31.38,143.881,125.765,127.836,76.434,114.172,173.765,153.056,113.821,271.1935,262.7642,-7.8637,,,,,,,
113,NSR AU Equity,NATIONAL STORAGE REIT,AUD,#N/A,#N/A,#N/A,#N/A,#N/A,#N/A,#N/A,#N/A,#N/A,#N/A,#N/A,29.1544,22.9,38.168,47.611,68.783,80.266,92.562,100.091,118.805,156.015,192.794,,,,,,,
114,CSR AU Equity,CSR LTD,AUD,248,236.9,236.7,300.9,336.9,458.3,288.1,-232,-66.4,-18,116.2,-195.9,132.5,198.9,238.8,261.2,299.1,202.8,195.5,209.5,268.9,295.3,,,,,,,
115,ANN AU Equity,ANSELL LTD,AUD,137.8,113,118.2,145.8,187.6213,162.1293,145.5592,193.6602,162.5659,140.7316,144.9005,167.2,90.9775,271.2473,281.5946,237.4493,211.7836,210.509,322.499,457.5444,318.1118,300.0363,,,,,,,
116,DOW AU Equity,DOWNER EDI LTD,AUD,81.741,101.267,127.195,156.992,203.668,255.962,251.128,290.197,35.508,-22.882,216.458,334.964,326.3,296.5,258.9,254.8,179.6,430.3,-60.7,312.6,276.8,-283.3,,,,,,,
117,DRR AU Equity,DETERRA ROYALTIES LTD,AUD,#N/A,#N/A,#N/A,#N/A,#N/A,#N/A,#N/A,#N/A,#N/A,#N/A,#N/A,#N/A,#N/A,#N/A,#N/A,#N/A,#N/A,#N/A,#N/A,135.366,256.391,218.945,,,,,,,
118,HUB AU Equity,HUB24 LTD,AUD,#N/A,#N/A,#N/A,#N/A,0.9755,0.006,-3.7388,-2.8061,-1.0681,-4.4467,-21.8018,-6.9722,-7.868,-5.3504,-2.3123,3.7513,9.8098,10.8457,12.8274,15.3482,21.131,48.742,,,,,,,
119,CTD AU Equity,CORPORATE TRAVEL MANAGEMENT,AUD,#N/A,#N/A,#N/A,#N/A,#N/A,#N/A,#N/A,#N/A,4.977,11.474,16.566,16.493,23.363,40.112,59.523,80.872,106.765,123.412,-2.394,-72.418,3.734,106.057,,,,,,,
120,SGM AU Equity,SIMS LTD,AUD,67.87,110.984,171.103,281.656,297.617,375.028,620.514,-163.734,193.6,270.6,-615.3,-442.7,81.1,131.6,-222.8,151.3,183.8,157.1,-264.9,139.1,453.5,84.9,,,,,,,
121,ARB AU Equity,ARB CORP LTD,AUD,11.64,13.666,16.3777,17.385,18.452,21.391,25.756,31.933,43.844,50.334,51.336,56.496,56.874,58.488,64.516,67.512,74.692,77.976,79.815,152.025,167.747,123.76,,,,,,,
122,VNT AU Equity,VENTIA SERVICES GROUP PTY LT,AUD,#N/A,#N/A,#N/A,#N/A,#N/A,#N/A,#N/A,#N/A,#N/A,#N/A,#N/A,#N/A,#N/A,#N/A,#N/A,#N/A,164.199,161.221,123.8,112.2,251.7,#N/A,,,,,,,
123,WEB AU Equity,WEBJET LTD,AUD,-1.687,-1.705,-1.1802,0.6738,3.1455,3.663,7.904,8.999,12.769,13.518,18.121,10.068,21.149,24.854,30.514,61.52,66.4,89.7,-24.4,-24.4,-67.3,52.7,,,,,,,
124,PRU AU Equity,PERSEUS MINING LTD,AUD,#N/A,#N/A,-0.3487,-1.1476,-1.7938,-1.953,-5.4661,-5.8541,-10.1111,-19.6132,45.2962,30.419,9.24,64.272,-54.258,-89.018,-22.513,-6.83,112.958,171.813,273.34,563.633,,,,,,,
125,RGN AU Equity,REGION RE LTD,AUD,#N/A,#N/A,#N/A,#N/A,#N/A,#N/A,#N/A,#N/A,#N/A,#N/A,#N/A,0,105.4,101.3,120.9,137.7,137.7,172.7,170,176.8,213.1,230.3,,,,,,,
126,AWC AU Equity,ALUMINA LTD,AUD,384.1873,356.5168,-11.8269,-13.386,-14.2072,-16.2538,-22.511,-13.4293,-16.0136,-16.7658,-18.3536,124.2851,-13.3203,-15.8514,-34.5715,-17.7481,-15.5371,-17.4092,-18.3006,-17.7186,-17.0224,#N/A,,,,,,,
127,HDN AU Equity,HOMECO DAILY NEEDS REIT,AUD,#N/A,#N/A,#N/A,#N/A,#N/A,#N/A,#N/A,#N/A,#N/A,#N/A,#N/A,#N/A,#N/A,#N/A,#N/A,#N/A,#N/A,#N/A,#N/A,37.9,358.5,160.3,,,,,,,
128,CLW AU Equity,CHARTER HALL LONG WALE REIT,AUD,#N/A,#N/A,#N/A,#N/A,#N/A,#N/A,#N/A,#N/A,#N/A,#N/A,#N/A,#N/A,#N/A,#N/A,#N/A,-1.4,49.114,45.773,43.237,106.865,146.229,150.473,,,,,,,
129,PPT AU Equity,PERPETUAL LTD,AUD,86.652,96.256,127.051,138.737,177.791,206.887,185.399,59.005,133.527,91.943,34.706,77.262,112.778,174.155,183.312,189.342,191.327,162.162,116.607,106.665,137.3,89.1,,,,,,,
130,DEG AU Equity,DE GREY MINING LTD,AUD,-0.434,-0.8209,-3.6559,-8.4287,-13.4194,-7.2837,-5.397,-2.7804,-0.7618,-2.4073,-1.6495,-3.8295,-0.2378,-0.8466,-0.801,-3.2262,-2.4995,-2.038,-4.1267,-5.4337,-10.6381,-21.5201,,,,,,,
131,DHG AU Equity,DOMAIN HOLDINGS AUSTRALIA LT,AUD,#N/A,#N/A,#N/A,#N/A,#N/A,#N/A,#N/A,#N/A,#N/A,#N/A,#N/A,#N/A,#N/A,#N/A,#N/A,52.14,13.239,-110.381,-204.458,57.588,68.523,61.777,,,,,,,
132,BWP AU Equity,BWP TRUST,AUD,21.084,26.34,32.249,36.006,38.066,39.117,40.011,64.752,69.041,74.101,90.65,97.408,112.399,127.131,132.07,134.327,134.558,135.02,132.444,128.92,128.434,130.034,,,,,,,
133,GOR AU Equity,GOLD ROAD RESOURCES LTD,AUD,#N/A,#N/A,#N/A,#N/A,-0.2552,-1.1076,-3.5411,-3.0253,-2.135,-3.7319,-3.774,-23.6743,-2.8975,-4.4426,-11.5757,-10.0408,-29.396,4.727,120.974,58.692,97.468,#N/A,,,,,,,
134,PXA AU Equity,PEXA GROUP LTD,AUD,#N/A,#N/A,#N/A,#N/A,#N/A,#N/A,#N/A,#N/A,#N/A,#N/A,#N/A,#N/A,#N/A,#N/A,#N/A,#N/A,#N/A,-94.3,-17,28.403,39.301,-0.685,,,,,,,
135,APM AU Equity,APM HUMAN SERVICES INTERNATI,AUD,#N/A,#N/A,#N/A,#N/A,#N/A,#N/A,#N/A,#N/A,#N/A,#N/A,#N/A,#N/A,#N/A,#N/A,#N/A,#N/A,#N/A,25,69.9,130.6,124.029,203.286,,,,,,,
136,LOV AU Equity,LOVISA HOLDINGS LTD,AUD,#N/A,#N/A,#N/A,#N/A,#N/A,#N/A,#N/A,#N/A,#N/A,#N/A,6.326,6.375,10.083,37.47,24.222,40.704,51.074,52.484,25.667,43.527,82.684,105.742,,,,,,,
137,RMS AU Equity,RAMELIUS RESOURCES LTD,AUD,#N/A,#N/A,-0.5447,-0.6519,-0.6453,8.0216,1.0716,6.5088,26.6374,86.274,1.635,-67.949,-101.674,23.449,25.602,24.584,46.208,30.602,152.483,177.439,25.153,92.115,,,,,,,
138,DDR AU Equity,DICKER DATA LTD,AUD,#N/A,#N/A,#N/A,#N/A,#N/A,3.2399,5.2914,7.3594,8.2977,11.0707,15.409,16.711,14.385,36.703,42.975,46.097,52.925,81.84,85.011,108.646,115.429,#N/A,,,,,,,
139,BAP AU Equity,BAPCOR LTD,AUD,#N/A,#N/A,#N/A,#N/A,#N/A,#N/A,#N/A,#N/A,#N/A,18.9311,10.4543,27.646,21.999,32.107,66.974,89.486,131.486,145.873,127.915,184.079,195.134,173.22,,,,,,,
140,IVC AU Equity,INVOCARE LTD,AUD,27.417,28.475,37.527,39.064,41.063,49.713,51.906,75.554,48.174,53.473,78.097,84.51,92.529,95.78,90.79,86.061,85.691,75.7,30.603,75.682,68.412,#N/A,,,,,,,
141,CIP AU Equity,CENTURIA INDUSTRIAL REIT,AUD,#N/A,#N/A,#N/A,#N/A,#N/A,#N/A,#N/A,#N/A,#N/A,21.97,17.734,17.742,27.453,37.103,43.073,59.744,65.426,63.009,78.236,111.79,135.026,145.895,,,,,,,
142,CQR AU Equity,CHARTER HALL RETAIL REIT,AUD,42.33,43.644,48.958,28.208,-21.3,46.5,50.5,130.8,113.8,114.6,99.1,97.3,111,124.4,129.5,130.9,131.9,123.7,118.5,109,114.3,121.4,,,,,,,
143,CMM AU Equity,CAPRICORN METALS LTD,AUD,#N/A,#N/A,#N/A,#N/A,#N/A,-0.2322,-0.7137,-2.6638,-1.6043,-1.7637,2.7807,-3.4185,0.2178,-0.6335,-3.7433,-3.3773,-3.1726,-22.2586,-13.067,-7.551,122.269,134.415,,,,,,,
144,TAH AU Equity,TABCORP HOLDINGS LTD,AUD,408.671,402.734,543.352,851.4,859.7,809,870.2,898.6,534.6,204.5,322.3,317.4,318.7,334.6,301,101.6,368.5,724.3,-574,66.9,-75.1,117.9,,,,,,,
145,OGC CN Equity,OCEANAGOLD CORP,AUD,#N/A,#N/A,#N/A,-21.9543,2.4205,-21.149,15.7757,51.6543,78.2149,76.0384,51.3148,140.1686,121.3705,96.759,210.0009,270.1254,222.4748,64.7451,-61.728,195.571,278.2732,#N/A,,,,,,,
146,JLG AU Equity,JOHNS LYNG GROUP LTD,AUD,#N/A,#N/A,#N/A,#N/A,#N/A,#N/A,#N/A,#N/A,#N/A,#N/A,#N/A,#N/A,#N/A,4.0572,17.7197,14.433,16.625,21.973,32.161,40.767,58.649,94.657,,,,,,,
147,BGL AU Equity,BELLEVUE GOLD LTD,AUD,#N/A,#N/A,#N/A,-0.2037,-0.9796,-0.8293,-0.7084,-1.22,-0.5435,-1.8841,-4.2568,-9.1667,-3.8763,-0.7507,-0.6633,-1.8153,-5.9664,-7.4077,-5.913,-12.724,-17.597,-24.567,,,,,,,
148,EVT AU Equity,EVT LTD,AUD,29.27,35.69,9.716,38.115,45.061,13.715,52.654,49.495,91.092,75.909,66.489,111.856,115.157,154.878,190.869,159.108,154.235,157.073,-35.187,-22.529,94.668,198.1,,,,,,,
149,NUF AU Equity,NUFARM LTD,AUD,92.673,109.344,115.462,153.913,185.315,185.149,301.185,175.912,70.364,25.649,144.57,183.685,147.504,148.961,201.654,279.366,175.421,84.399,-214.678,156.55,208.379,#N/A,,,,,,,
150,LIC AU Equity,LIFESTYLE COMMUNITIES LTD,AUD,6.391,2.86,-3.082,4.1678,0.0875,0.4105,2.002,1.3976,8.7624,11.3496,12.6208,13.9895,22.7846,32.7576,29.1856,41.4981,75.7757,81.053,62.131,131.954,128.44,119.903,,,,,,,
151,IPH AU Equity,IPH LTD,AUD,#N/A,#N/A,#N/A,#N/A,#N/A,#N/A,#N/A,#N/A,#N/A,#N/A,#N/A,27.3,33.621,34.177,51.352,57.253,54.828,70.799,75.454,75.983,70.425,102.371,,,,,,,
152,KLS AU Equity,KELSIAN GROUP LTD,AUD,#N/A,#N/A,#N/A,#N/A,#N/A,#N/A,#N/A,#N/A,10.1551,8.7002,6.7274,9.2093,11.4761,14.474,34.239,37.513,30.59,29.494,2.002,66.405,82.074,53.059,,,,,,,
153,EMR AU Equity,EMERALD RESOURCES NL,AUD,-0.014,-0.2735,-1.0622,-0.6208,-2.3852,-5.0188,-4.2549,-1.4396,-1.1411,0.2068,-2.2193,-1.8025,-8.5509,-11.5077,-9.052,-8.823,-10.282,77.485,91.553,#N/A,#N/A,#N/A,,,,,,,
154,PSI AU Equity,PSC INSURANCE GROUP LTD,AUD,#N/A,#N/A,#N/A,#N/A,#N/A,#N/A,#N/A,#N/A,#N/A,#N/A,#N/A,2.7805,9.5025,11.826,15.9559,27.078,40.042,40.13,31.983,84.674,45.981,73.418,,,,,,,
155,INA AU Equity,INGENIA COMMUNITIES GROUP,AUD,#N/A,#N/A,1.835,5.703,15.903,16.979,-0.633,2,4.3,7.121,3.544,8.824,16.131,22.675,31.46,48.759,61.49,71.892,94.351,101.736,109.267,#N/A,,,,,,,
156,PNI AU Equity,PINNACLE INVESTMENT MANAGEME,AUD,#N/A,#N/A,#N/A,#N/A,15.723,28.092,16.835,0.576,-13.562,-8.673,-14.242,-6.864,-0.09,-7.688,-7.347,-5.423,-1.761,-2.622,-5.599,0.577,0.679,15.177,,,,,,,
157,GMD AU Equity,GENESIS MINERALS LTD,AUD,#N/A,#N/A,#N/A,#N/A,#N/A,-0.0268,-2.0825,-1.4346,-0.7753,-2.4976,-5.0919,-2.9523,-1.7571,-1.5277,-2.2205,-0.7183,-5.5735,-7.0366,-5.8511,-16.3497,-46.3545,-118.441,,,,,,,
158,SGR AU Equity,STAR ENTERTAINMENT GRP LTD/T,AUD,#N/A,#N/A,#N/A,#N/A,#N/A,#N/A,406,365,260,346.5,143.2,185.5,241.6,284.8,324.2,421.3,287.7,313.7,-66.3,142.8,-164.9,-2658.2,,,,,,,
159,GNC AU Equity,GRAINCORP LTD-A,AUD,72.839,-36.757,66.728,22.364,50.795,-37.386,-8.134,129.396,131.115,262.6,322.1,229.3,95.6,89.8,103.6,223.9,117.1,-111.1,42.2,233.2,597.5,#N/A,,,,,,,
160,AZS AU Equity,AZURE MINERALS LTD,AUD,#N/A,#N/A,-1.9365,-4.6582,-9.8049,-4.9156,-4.6279,-3.4206,-2.0958,-5.817,-5.9349,-5.7906,-3.8477,-1.3706,-6.3178,-7.1556,-9.2205,-9.7355,-5.6713,-15.9367,-18.2854,-29.0815,,,,,,,
161,BOE AU Equity,BOSS ENERGY LTD,AUD,#N/A,#N/A,#N/A,#N/A,#N/A,-0.1222,-1.5368,-1.9038,-0.9926,-1.1015,-13.8744,-13.5219,-2.1939,-1.2075,-2.827,-6.8271,-5.359,-6.1584,-5.1932,0.8845,31.0958,31.0958,,,,,,,
162,MP1 AU Equity,MEGAPORT LTD,AUD,#N/A,#N/A,#N/A,#N/A,#N/A,#N/A,#N/A,#N/A,#N/A,#N/A,#N/A,#N/A,#N/A,#N/A,-20.5833,-28.9099,-27.6317,-37.592,-44.193,-46.679,-46.347,-18.828,,,,,,,
163,MAQ AU Equity,MACQUARIE TECHNOLOGY GROUP L,AUD,-22.612,-6.319,-1.1,-10.881,-9.25,-3.216,-0.53,8.378,13.313,22.316,24.416,15.052,-0.831,-5.023,6.95,19.21,24.358,23.563,23.846,20.961,21.729,38.147,,,,,,,
164,GUD AU Equity,G.U.D. HOLDINGS LTD,AUD,41.885,47.893,64.092,61.941,58.322,62.594,59.681,61.964,69.699,56.407,66.312,49.073,25.598,47.5,66.854,75.93,77.103,82.82,70.925,95.886,79.129,160.548,,,,,,,
165,UMG AU Equity,UNITED MALT GRP LTD,AUD,#N/A,#N/A,#N/A,#N/A,#N/A,#N/A,#N/A,#N/A,#N/A,#N/A,#N/A,#N/A,#N/A,#N/A,#N/A,#N/A,#N/A,#N/A,76.9,37,20.4,#N/A,,,,,,,
166,GOZ AU Equity,GROWTHPOINT PROPERTIES AUSTR,AUD,#N/A,#N/A,#N/A,#N/A,#N/A,20.268,39.325,61.614,65.444,85.501,106.348,132.734,145.123,169.245,178.351,213.455,206.225,217.6,221.8,223.5,226.6,233.4,,,,,,,
167,HMC AU Equity,HMC CAPITAL LTD,AUD,#N/A,#N/A,#N/A,#N/A,#N/A,#N/A,#N/A,#N/A,#N/A,#N/A,#N/A,#N/A,#N/A,#N/A,#N/A,#N/A,#N/A,#N/A,41.4,21.901,109.954,91.431,,,,,,,
168,CGC AU Equity,COSTA GROUP HOLDINGS LTD,AUD,#N/A,#N/A,#N/A,#N/A,#N/A,#N/A,#N/A,#N/A,#N/A,#N/A,#N/A,-24.7309,22.499,16.275,36.392,70.338,63.934,-14.243,89.704,83.523,71.653,#N/A,,,,,,,
169,CDA AU Equity,CODAN LTD,AUD,16.601,18.223,23.314,22.223,13.959,16.798,14.2,21.825,28.93,39.802,46.754,65.462,13.561,17.57,21.613,60.377,53.922,63.505,90.478,132.426,138.063,97.847,,,,,,,
170,KAR AU Equity,KAROON ENERGY LTD,AUD,#N/A,#N/A,-0.2055,-0.7246,-3.741,-15.9267,-6.6612,-9.9681,-12.366,-26.633,-21.0208,-21.5786,-25.8106,227.6832,-169.8915,-78.3371,-197.5234,-35.7458,-136.991,5.5417,-100.4431,356.832,,,,,,,
171,WPR AU Equity,WAYPOINT REIT,AUD,#N/A,#N/A,#N/A,#N/A,#N/A,#N/A,#N/A,#N/A,#N/A,#N/A,#N/A,#N/A,#N/A,#N/A,12.229,151.382,157.407,163.633,166.5,168.4,157.5,#N/A,,,,,,,
172,IFL AU Equity,INSIGNIA FINANCIAL LTD,AUD,#N/A,24.342,30.045,40.466,51.613,57.839,16.383,17.978,98.146,142.725,95.879,122.065,152.159,184.187,192.049,188.838,170.64,-48.475,77.279,-95,3,21.7,,,,,,,
173,ING AU Equity,INGHAMS GROUP LTD,AUD,#N/A,#N/A,#N/A,#N/A,#N/A,#N/A,#N/A,#N/A,#N/A,#N/A,#N/A,#N/A,80.883,268.051,71.6,117.2,166.5,195.2,124.1,178.2,99.4,149.9,,,,,,,
174,MND AU Equity,MONADELPHOUS GROUP LTD,AUD,6.477,9.734,10.718,19.671,38.191,81.405,95.115,100.957,111.835,130.546,167.915,220.667,206.142,143.866,94.609,80.255,98.873,75.335,52.634,69.936,75.272,64.491,,,,,,,
175,NEU AU Equity,NEUREN PHARMACEUTICALS LTD,AUD,#N/A,#N/A,#N/A,-9.2712,-10.6598,-14.1767,-11.3484,-0.2061,-5.1381,-5.1333,-5.177,-9.3058,-9.753,-15.579,-12.017,3.409,5.815,-11.076,-8.709,-8.233,0.493,#N/A,,,,,,,
176,DBI AU Equity,DALRYMPLE BAY INFRASTRUCTURE,AUD,#N/A,#N/A,#N/A,#N/A,#N/A,#N/A,#N/A,#N/A,#N/A,#N/A,#N/A,#N/A,#N/A,#N/A,#N/A,#N/A,142.3,144.6,144.6,241.935,230.843,#N/A,,,,,,,
177,RRL AU Equity,REGIS RESOURCES LTD,AUD,-7.233,-4.959,-2.0118,-1.3273,-1.5332,-1.804,-2.15,-91.719,-18.914,38.682,76.991,203.247,-208.089,127.923,159.148,195.721,248.124,232.563,285.818,214.332,30.408,-15.554,,,,,,,
178,ABC AU Equity,ADBRI LTD,AUD,66.708,79.041,89.783,100.662,121.7,137.3,158.5,157.7,184.1,187.7,194.4,198.5,225.8,278.7,237.6,232.5,228,50.4,120.7,141.6,133.2,#N/A,,,,,,,
179,MAD AU Equity,MADER GROUP LTD,AUD,#N/A,#N/A,#N/A,#N/A,#N/A,#N/A,#N/A,#N/A,#N/A,#N/A,#N/A,#N/A,#N/A,#N/A,-0.0007,5.5291,15.433,21.488,26.048,26.407,35.121,55.439,,,,,,,
180,LFS AU Equity,LATITUDE GROUP HOLDINGS LTD,AUD,#N/A,#N/A,#N/A,#N/A,#N/A,#N/A,#N/A,#N/A,#N/A,#N/A,#N/A,#N/A,#N/A,#N/A,#N/A,#N/A,131.995,129.012,85.068,204.7,82,#N/A,,,,,,,
181,LFG AU Equity,LIBERTY FINANCIAL GROUP,AUD,#N/A,#N/A,#N/A,#N/A,#N/A,#N/A,#N/A,#N/A,#N/A,#N/A,#N/A,#N/A,#N/A,#N/A,#N/A,#N/A,70,76.1,148,212.768,250.733,198.009,,,,,,,
182,MFG AU Equity,MAGELLAN FINANCIAL GROUP LTD,AUD,#N/A,#N/A,#N/A,#N/A,#N/A,-2.082,-1.646,-17.207,5.57,8.07,19.153,95.002,110.479,230.309,255.74,256.127,270.61,494.356,516.142,378.964,436.948,268.278,,,,,,,
183,MMS AU Equity,MCMILLAN SHAKESPEARE LTD,AUD,#N/A,#N/A,1.4152,9.0319,15.3809,18.8555,24.146,27.653,57.335,72.709,86.331,97.675,89.043,105.137,134.233,133.626,133.73,108.429,32.856,105.303,96.223,87.769,,,,,,,
184,SIQ AU Equity,SMARTGROUP CORP LTD,AUD,#N/A,#N/A,#N/A,#N/A,#N/A,#N/A,#N/A,#N/A,#N/A,10.2,16.3,8.592,1.73,29.823,50.272,73.567,90.248,92.72,69.728,90.335,85.389,#N/A,,,,,,,
185,MGH AU Equity,MAAS GROUP HOLDINGS LTD,AUD,#N/A,#N/A,#N/A,#N/A,#N/A,#N/A,#N/A,#N/A,#N/A,#N/A,#N/A,#N/A,#N/A,9.8869,26.2633,43.8116,65.411,77.75,77.75,77.75,77.75,77.75,,,,,,,
186,NWH AU Equity,NRW HOLDINGS LTD,AUD,#N/A,#N/A,#N/A,#N/A,#N/A,16.855,46.776,60.112,59.693,64.584,153.994,119.439,65.456,-278.312,23.87,29.601,41.069,54.318,113.064,87.787,139.311,141.613,,,,,,,
187,NAN AU Equity,NANOSONICS LTD,AUD,#N/A,#N/A,#N/A,#N/A,-1.9669,-6.3389,-9.09,-9.948,-8.957,-12.973,-5.896,-6.41,-2.406,-7.771,0.171,14.669,2.605,13.674,12.341,12.851,1.811,17.749,,,,,,,
188,SDR AU Equity,SITEMINDER LTD,AUD,#N/A,#N/A,#N/A,#N/A,#N/A,#N/A,#N/A,#N/A,#N/A,#N/A,#N/A,#N/A,#N/A,#N/A,#N/A,#N/A,#N/A,-0.433,-21.69,-20.052,-44.348,-42.494,,,,,,,
189,ARF AU Equity,ARENA REIT,AUD,#N/A,#N/A,#N/A,#N/A,#N/A,#N/A,#N/A,#N/A,#N/A,#N/A,18.741,18.129,22.52,27.061,28.64,33.424,43.23,49.332,54.127,62.786,74.1,84.685,,,,,,,
190,HLI AU Equity,HELIA GROUP LTD,AUD,#N/A,#N/A,#N/A,#N/A,#N/A,#N/A,#N/A,#N/A,#N/A,369.644,253.463,265.882,311.206,341.989,303.537,223.652,118.892,181.26,-144.076,285.226,277.557,#N/A,,,,,,,
191,RED AU Equity,RED 5 LTD,AUD,-1.582,-1.795,-1.1392,-1.4029,-1.6318,-1.2968,-1.5826,-2.2304,-2.3159,-6.1457,-2.0468,-14.2594,-2.0139,-62.0511,24.5849,-110.0553,-13.3765,-8.389,19.302,-13.268,-46.772,12.93,,,,,,,
192,AD8 AU Equity,AUDINATE GROUP LTD,AUD,#N/A,#N/A,#N/A,#N/A,#N/A,#N/A,#N/A,#N/A,#N/A,#N/A,#N/A,#N/A,#N/A,-0.3346,-0.6915,-20.5476,-0.8928,0.346,-2.39,-3.485,-4.362,0.436,,,,,,,
193,CKF AU Equity,COLLINS FOODS LTD,AUD,#N/A,#N/A,#N/A,#N/A,#N/A,#N/A,#N/A,39.4,36.2,34.247,32.755,29.777,26.928,6.849,50.812,51.126,58.706,69.792,86.645,90.245,109.815,47.08,,,,,,,
194,AX1 AU Equity,ACCENT GROUP LTD,AUD,#N/A,#N/A,#N/A,14.703,0.577,2.301,4.591,5.928,8.882,11.966,12.924,14.383,15.92,15.879,45.45,44.493,64.695,80.585,94.537,124.905,62.276,138.788,,,,,,,
195,HSN AU Equity,HANSEN TECHNOLOGIES LTD,AUD,-5.902,-3.86,-0.21,3.659,0.021,1.325,7.714,8.977,13.518,15.823,15.705,11.271,19.266,23.74,36.303,32.762,38.94,29.76,29.841,72.863,53.398,56.471,,,,,,,
196,DTL AU Equity,DATA#3 LTD,AUD,3.46,5.451,4.334,5.759,7.875,9.463,12.169,13.176,15.247,20.514,18.302,16.664,9.703,13.829,18.869,21.665,19.498,25.511,35.212,38.387,45.469,54.481,,,,,,,
197,HLS AU Equity,HEALIUS LTD,AUD,16.791,23.24,31.914,55.665,74.087,85.092,105.042,304.628,254.356,207.853,264.006,290.029,255.477,72.6,114.4,-469.7,64.6,107.6,68.5,255.4,467.4,-335,,,,,,,
198,PRN AU Equity,PERENTI LTD,AUD,0.026,4.215,3.761,12.973,29.505,38.078,53.335,55.443,81.257,109.317,152.109,126.058,-10.675,-151.954,64.118,60.529,80.378,196.449,99.672,14.763,126.241,227.142,,,,,,,
199,OCL AU Equity,OBJECTIVE CORPORATION LTD,AUD,1.572,1.865,6.4892,9.946,8.37,-3.348,0.87,4.489,2.318,2.906,4.575,3.44,6.572,4.815,5.363,9.804,9.069,10.783,13.731,20.747,23.715,21.028,,,,,,,
200,STX AU Equity,STRIKE ENERGY LTD,AUD,#N/A,#N/A,-1.5031,-9.2045,-1.6483,-10.4908,-1.237,11.058,-5.698,-7.573,-15.14,-18.772,-24.744,-15.883,-2.727,-1.705,-1.205,-2.258,-6.202,1.404,-11.385,-14.209,,,,,,,
201,WGX AU Equity,WESTGOLD RESOURCES LTD,AUD,-1.284,-1.6,-1.0399,-0.9345,-0.8701,-3.128,-1.5635,-1.254,-1.6986,-4.9683,-8.0983,35.2865,36.6325,-28.1298,10.3083,-36.4336,-10.778,35.6059,106.7037,-156.94,12.9548,#N/A,,,,,,,
202,PWH AU Equity,PWR HOLDINGS LTD,AUD,#N/A,#N/A,#N/A,#N/A,#N/A,#N/A,#N/A,#N/A,#N/A,#N/A,#N/A,3.7275,8.3673,11.5306,13.0387,13.2543,14.67,19.293,18.667,23.224,28.522,30.576,,,,,,,
203,SLR AU Equity,SILVER LAKE RESOURCES LTD,AUD,#N/A,#N/A,#N/A,-0.001,-0.0011,-0.0836,-4.394,13.549,16.079,21.982,42.559,-366.569,-118.862,-88.989,8.469,-4.044,20.428,8.584,133.145,146.891,123.41,52.449,,,,,,,
204,CTT AU Equity,CETTIRE LTD,AUD,#N/A,#N/A,#N/A,#N/A,#N/A,#N/A,#N/A,#N/A,#N/A,#N/A,#N/A,#N/A,#N/A,#N/A,#N/A,#N/A,0.1676,0.3752,2.1869,0.1428,-25.8561,21.9978,,,,,,,
205,TUA AU Equity,TUAS LTD,AUD,#N/A,#N/A,#N/A,#N/A,#N/A,#N/A,#N/A,#N/A,#N/A,#N/A,#N/A,#N/A,#N/A,#N/A,#N/A,#N/A,#N/A,#N/A,-20.2701,-39.9277,-27.0283,-15.2128,,,,,,,
206,DYL AU Equity,DEEP YELLOW LTD,AUD,-5.006,-1.7136,-4.0328,-1.0774,-3.0616,-4.7324,-5.1281,-20.8516,-6.3788,-6.3589,-48.9697,-8.83,-19.5189,-20.9401,-1.8314,-28.1336,-3.0852,-4.2213,2.4229,-5.1961,-7.1682,-11.7013,,,,,,,
207,ABB AU Equity,AUSSIE BROADBAND LTD,AUD,#N/A,#N/A,#N/A,#N/A,#N/A,#N/A,#N/A,#N/A,#N/A,#N/A,#N/A,#N/A,-1.0566,-4.029,-2.439,10.283,10.933,38.023,38.023,38.023,38.023,38.023,,,,,,,
208,JDO AU Equity,JUDO CAPITAL HOLDINGS LTD,AUD,#N/A,#N/A,#N/A,#N/A,#N/A,#N/A,#N/A,#N/A,#N/A,#N/A,#N/A,#N/A,#N/A,#N/A,#N/A,#N/A,#N/A,-27.966,-50.844,-4.306,-7.2,107.5,,,,,,,
209,IRE AU Equity,IRESS LTD,AUD,14.318,21.755,24.024,29.701,35.126,38.573,47.928,51.911,64.705,59.154,56.625,43.383,72.844,76.36,83.112,82.31,91.548,96.62,86.133,101.908,80.611,#N/A,,,,,,,
210,ELD AU Equity,ELDERS LTD,AUD,-3.472,20.749,42.161,-5.156,35.516,73.403,61.076,-231.606,-56.137,-62.235,-57.242,-253.809,23.667,37.756,55.27,65.628,65.507,64.578,109.122,152.981,217.864,#N/A,,,,,,,
211,CNI AU Equity,CENTURIA CAPITAL GROUP,AUD,7.578,8.298,11.73,25.539,25.419,-29.239,-78.863,-113.136,14.814,3.008,6.707,10.85,17.383,16.343,-20.359,-0.264,66.896,15.023,28.728,46.923,132.81,125.525,,,,,,,
212,CQE AU Equity,CHARTER HALL SOCIAL INFRASTR,AUD,#N/A,-0.511,6.003,6.14,11.185,16.689,16.19,27.6,27.224,27.475,32.016,29.26,32.504,37.577,46.335,48.171,53.862,56.9,59.8,65.7,76.9,82.8,,,,,,,
213,NCK AU Equity,NICK SCALI LTD,AUD,4.2713,5.234,9.722,11.002,10.831,11.283,8.705,6.494,15.449,16.186,11.88,22.137,19.535,23.787,37.076,52.903,59.036,59.876,67.083,127.804,117.134,154.296,,,,,,,
214,JIN AU Equity,JUMBO INTERACTIVE LTD,AUD,-0.633,-0.067,0.2547,0.5943,0.6405,-0.7292,2.1338,4.0229,4.5674,5.573,8.3481,4.3829,3.8641,1.779,7.332,10.206,15.987,36.365,36.38,38.807,45.096,46.64,,,,,,,
215,SGF AU Equity,SG FLEET GROUP LTD,AUD,#N/A,#N/A,#N/A,#N/A,#N/A,#N/A,#N/A,#N/A,#N/A,29.843,41.697,58.4,24.322,60.333,74.988,94.816,104.194,93.723,58.853,74.593,140.892,170.297,,,,,,,
216,BGA AU Equity,BEGA CHEESE LTD,AUD,#N/A,#N/A,#N/A,#N/A,#N/A,#N/A,41.3487,31.8078,38.13,30.797,37.105,40.895,97.555,19.557,42.718,199.957,63.541,27.245,41.954,94.9,41.3,-232.9,,,,,,,
217,IMD AU Equity,IMDEX LTD,AUD,0.495,1.051,2.924,5.117,10.095,18.726,32.785,16.687,-18.789,44.702,70.427,31.579,-4.107,18.415,5.402,20.222,29.296,38.075,31.584,47.635,66.639,61.994,,,,,,,
218,CMW AU Equity,CROMWELL PROPERTY GROUP,AUD,#N/A,#N/A,#N/A,#N/A,#N/A,26.212,76.563,74.268,80.295,99.2,134.531,159.615,201.137,176.104,186,172.2,163.9,147.5,186.8,149.4,152.8,152,,,,,,,
219,CIN AU Equity,CARLTON INVESTMENTS LIMITED,AUD,14.502,16.9775,16.9775,16.9775,16.9775,16.9775,16.9775,16.9775,16.9775,16.9775,16.9775,16.9775,16.9775,16.9775,16.9775,16.9775,16.9775,16.9775,16.9775,16.9775,16.9775,16.9775,,,,,,,
220,CCP AU Equity,CREDIT CORP GROUP LTD,AUD,3.095,4.955,8.5116,15.5186,13.7838,13.683,83.268,25.691,27.606,35.44,38.852,46.279,51.206,56.349,69.244,85.846,101.22,112.457,32.889,131.74,148.151,144.481,,,,,,,
221,PNV AU Equity,POLYNOVO LTD,AUD,-4.2313,-9.149,-12.3622,-11.5189,-12.3748,-14.7853,-5.3714,-3.1966,-3.2224,-3.9599,-3.1568,-1.7356,-3.1264,-1.5327,-3.4452,-5.1449,-6.2494,-3.524,-4.1362,-4.2311,-0.8362,-5.0886,,,,,,,
222,EHE AU Equity,ESTIA HEALTH LTD,AUD,#N/A,#N/A,#N/A,#N/A,#N/A,#N/A,#N/A,#N/A,#N/A,#N/A,#N/A,#N/A,-3.2006,23.4189,61.769,68.677,64.444,64.819,-56.947,57.314,-27.26,5.497,,,,,,,
223,HCW AU Equity,HEALTHCO REIT,AUD,#N/A,#N/A,#N/A,#N/A,#N/A,#N/A,#N/A,#N/A,#N/A,#N/A,#N/A,#N/A,#N/A,#N/A,#N/A,#N/A,#N/A,#N/A,#N/A,#N/A,17.466,29.6,,,,,,,
224,SYA AU Equity,SAYONA MINING LTD,AUD,-0.0202,-0.288,-0.3529,-1.2723,-1.0931,-2.1875,-4.7252,1.4445,-0.3826,-0.1641,-0.4318,-0.5249,-2.4722,-2.536,-2.3663,-2.3292,-5.2993,-4.3818,79.953,-24.099,-24.099,-24.099,,,,,,,
225,CXO AU Equity,CORE LITHIUM LTD,AUD,#N/A,#N/A,#N/A,#N/A,#N/A,#N/A,#N/A,#N/A,-0.0001,-0.61,-0.7888,-0.8878,-1.4002,-1.5366,-1.7061,-2.1234,-2.1851,-2.4819,-4.4393,-2.9786,-7.8241,11.375,,,,,,,
226,GEM AU Equity,G8 EDUCATION LTD,AUD,#N/A,#N/A,#N/A,#N/A,#N/A,-0.2819,9.3833,0.6956,6.4754,22.9808,27.0387,47.35,104.315,160.424,160.691,150.878,132.184,146.38,-141.14,118.721,105.635,#N/A,,,,,,,
227,RSG AU Equity,RESOLUTE MINING LTD,AUD,10.947,10.806,13.725,1.575,12.458,-7.725,-10.13,27.484,39.381,48.722,179.55,169.336,51.584,68.715,133.745,156.162,33.473,18.6063,36.6345,-345.8036,44.3506,#N/A,,,,,,,
228,MAF AU Equity,MA FINANCIAL GROUP LTD,AUD,#N/A,#N/A,#N/A,#N/A,#N/A,#N/A,#N/A,#N/A,#N/A,#N/A,#N/A,#N/A,#N/A,-7.9096,14.4919,42.519,44.954,35.192,43.534,45.523,59.58,#N/A,,,,,,,
229,WAF AU Equity,WEST AFRICAN RESOURCES LTD,AUD,#N/A,#N/A,#N/A,#N/A,#N/A,-0.1636,-0.4075,-0.0381,-1.8006,-3.9331,-5.747,-7.6479,-14.4126,-7.9765,-7.3128,-14.8181,-15.6378,-6.942,152.706,386.821,256.713,#N/A,,,,,,,
230,DXI AU Equity,DEXUS INDUSTRIA REIT,AUD,#N/A,#N/A,#N/A,#N/A,#N/A,#N/A,#N/A,#N/A,#N/A,#N/A,#N/A,#N/A,19.303,26.834,26.235,34.291,37.506,39.765,44.569,49.476,53.504,54.504,,,,,,,
231,AAC AU Equity,AUSTRALIAN AGRICULTURAL CO,AUD,31.902,32.521,14.681,37.967,17.18,19.89,3.953,-62.268,30.719,50.584,14.287,14.287,-35.491,33.945,116.95,115.318,-127.967,-193.123,64.358,82.147,208.218,25.273,,,,,,,
232,SLX AU Equity,SILEX SYSTEMS LTD,AUD,-2.052,-5.111,-10.7915,-12.7168,-11.0198,12.8868,-10.9005,-9.6221,-19.5689,-15.9498,-23.6988,-1.2111,-3.7879,-4.4233,-6.1749,-11.4683,-5.6126,-5.179,-7.7133,-4.5808,-1.492,-0.7164,,,,,,,
233,WC8 AU Equity,WILDCAT RESOURCES LTD,AUD,#N/A,#N/A,#N/A,-3.0156,-2.6672,-2.4905,-3.289,-1.0417,-0.3849,-1.0706,-0.6806,-1.2765,0.948,-0.1269,-0.3386,-0.308,-0.4339,-0.3654,-1.0374,-0.9337,-1.772,-1.6964,,,,,,,
234,REG AU Equity,REGIS HEALTHCARE LTD,AUD,#N/A,#N/A,#N/A,#N/A,#N/A,#N/A,#N/A,#N/A,#N/A,#N/A,24.7,42.8,47.225,94.517,71.123,94.145,85.59,83.027,84.524,103.147,15.196,33.22,,,,,,,
235,ERA AU Equity,ENERGY RESOURCES OF AUST,AUD,40.568,37.235,42.738,65.757,73.386,109.69,175.32,381.729,62.738,-193.886,-250.342,-167.358,-254.905,-65.968,-259.698,-30.924,-443.511,33.106,27.901,-629.808,-54.086,#N/A,,,,,,,
236,CUV AU Equity,CLINUVEL PHARMACEUTICALS LTD,AUD,-3.399,-4.113,-7.5849,-12.4075,-11.2008,-11.4463,-18.9228,-18.2778,-12.9657,-12.3066,-10.3124,-7.2718,-5.8297,-10.8269,-3.5496,6.71,11.9278,16.0995,11.8156,26.6436,32.8285,37.0277,,,,,,,
237,OML AU Equity,OOH!MEDIA LTD,AUD,#N/A,#N/A,#N/A,#N/A,#N/A,#N/A,#N/A,#N/A,#N/A,#N/A,-11.4,5.269,2.346,34.318,42.603,54.459,54.587,81.499,13.902,31.22,87.39,#N/A,,,,,,,
238,RIC AU Equity,RIDLEY CORP LTD,AUD,73.024,56.049,43.049,48.285,54.578,29.083,25.927,20.895,38.879,32.724,22.732,-13.168,27.412,39.471,45.597,39.256,26.253,35.812,-10.742,39.549,63.303,63.722,,,,,,,
239,CHN AU Equity,CHALICE MINING LTD,AUD,#N/A,#N/A,#N/A,#N/A,-0.502,-3.215,-2.5655,-1.1096,-5.5626,-4.2101,-3.9165,-5.1975,-10.9085,-4.7582,-5.5444,-4.3473,-9.5493,-8.169,-12.7468,-46.838,-18.404,-72.578,,,,,,,
240,QAL AU Equity,QUALITAS LTD,AUD,#N/A,#N/A,#N/A,#N/A,#N/A,#N/A,#N/A,#N/A,#N/A,#N/A,#N/A,#N/A,#N/A,#N/A,#N/A,#N/A,39.6744,-7.2101,-4.729,8.9494,17.703,14.01,,,,,,,
241,RFF AU Equity,RURAL FUNDS GROUP,AUD,#N/A,#N/A,#N/A,#N/A,#N/A,#N/A,#N/A,#N/A,#N/A,#N/A,#N/A,#N/A,7.355,16.979,21.185,34.117,39.551,43.117,52.359,51.258,52.314,44.605,,,,,,,
242,TPW AU Equity,TEMPLE & WEBSTER GROUP LTD,AUD,#N/A,#N/A,#N/A,#N/A,#N/A,#N/A,#N/A,#N/A,#N/A,#N/A,#N/A,-4.7211,-4.9357,-6.255,-40.488,-7.887,-0.857,0.825,7.563,18.875,12.351,9.538,,,,,,,
243,C79 AU Equity,CHRYSOS CORP LTD,AUD,#N/A,#N/A,#N/A,#N/A,#N/A,#N/A,#N/A,#N/A,#N/A,#N/A,#N/A,#N/A,#N/A,#N/A,#N/A,#N/A,#N/A,2.061,-2.478,-3.374,-0.663,-1.33,,,,,,,
244,LRS AU Equity,LATIN RESOURCES LTD,AUD,#N/A,#N/A,#N/A,#N/A,#N/A,#N/A,#N/A,-1.4147,-2.6177,-5.4044,-2.9064,-6.9242,-6.3181,-20.2933,-6.4867,-1.2352,-4.3583,-3.7769,-1.9977,-3.6444,-7.0916,#N/A,,,,,,,
245,A4N AU Equity,ALPHA HPA LTD,AUD,#N/A,#N/A,#N/A,#N/A,-0.8467,-0.6785,-0.9066,-0.7293,-1.528,-2.1737,-1.5393,-1.1362,-2.372,-0.9977,-0.9842,-2.7743,-2.0299,-11.6569,-9.5879,-16.1234,-7.375,-16.0964,,,,,,,
246,SIG AU Equity,SIGMA HEALTHCARE LTD,AUD,#N/A,17.606,27.899,104.842,14.715,173.64,172.325,190.526,-178.77,-9.105,70.284,23.097,70.315,78.055,80.071,80.955,83.747,63.028,-3.058,40.022,2.313,19.272,,,,,,,
247,EQT AU Equity,EQT HOLDINGS LTD,AUD,2.326,-1.7875,3.8257,4.9774,11.0684,11.8012,14.8157,11.2496,11.4773,11.4837,11.6909,12.5174,13.4064,24.1583,18.913,22.768,29.532,32.165,31.339,31.857,39.538,33.628,,,,,,,
248,PTM AU Equity,PLATINUM ASSET MANAGEMENT,AUD,#N/A,#N/A,#N/A,#N/A,301.704,297.841,239.888,181.412,198.392,213.756,179.448,183.169,261.045,301.55,284.448,260.842,259.113,225.498,213.582,203.435,164.868,114.629,,,,,,,
249,COF AU Equity,CENTURIA OFFICE REIT,AUD,#N/A,#N/A,#N/A,#N/A,#N/A,#N/A,#N/A,#N/A,#N/A,#N/A,#N/A,7.5,7.8,12.7941,51.508,28.202,53.007,75.352,97.876,106.844,106.889,103.99,,,,,,,
250,DVP AU Equity,DEVELOP GLOBAL LTD,AUD,#N/A,#N/A,#N/A,#N/A,#N/A,#N/A,-1.9121,-1.1964,-2.0758,-4.6572,-3.1858,-14.7593,-5.1123,-43.824,-2.3269,-2.1335,-2.0662,-2.0498,-2.9112,-89.1599,-10.0781,-11.4195,,,,,,,
251,TIE AU Equity,TIETTO MINERALS LTD,AUD,#N/A,#N/A,#N/A,#N/A,#N/A,#N/A,#N/A,#N/A,#N/A,#N/A,#N/A,#N/A,#N/A,-0.9161,-1.758,-0.9084,-5.6992,-9.8812,-12.3858,-19.4534,-46.8821,#N/A,,,,,,,
252,FPR AU Equity,FLEETPARTNERS GROUP LTD,AUD,#N/A,#N/A,#N/A,#N/A,#N/A,#N/A,#N/A,#N/A,#N/A,#N/A,41.4,24.8,49.817,123.092,139.691,153.059,130.83,73.373,121.663,169.908,188.807,#N/A,,,,,,,
253,IDX AU Equity,INTEGRAL DIAGNOSTICS LTD,AUD,#N/A,#N/A,#N/A,#N/A,#N/A,#N/A,#N/A,#N/A,#N/A,#N/A,#N/A,15.7,20.9,25.4,19.518,23.78,24.56,35.375,43.53,53.846,33.163,48.878,,,,,,,
254,WBT AU Equity,WEEBIT NANO LTD,AUD,#N/A,#N/A,#N/A,#N/A,#N/A,#N/A,#N/A,#N/A,#N/A,#N/A,-0.8967,-1.094,-1.6449,-9.7854,-4.2857,-21.9266,-4.4365,-7.0653,-4.1859,-11.2399,-27.4988,-40.297,,,,,,,
255,ASB AU Equity,AUSTAL LTD,AUD,30.074,-35.742,24.426,45.593,42.688,55.277,50.204,0.298,53.472,17.973,25.614,32.037,56.06,72.279,-121.699,46.389,64.529,93.369,130.54,115.294,120.292,-7.192,,,,,,,
256,LNK AU Equity,LINK ADMINISTRATION HOLDINGS,AUD,#N/A,#N/A,#N/A,#N/A,#N/A,#N/A,#N/A,#N/A,#N/A,#N/A,#N/A,97.73,24.546,55.625,97.77,137.562,207.98,463.789,-56.835,-119.477,16.056,413.718,,,,,,,
257,SNL AU Equity,SUPPLY NETWORK LTD,AUD,0.851,1.514,2.058,1.958,0.975,0.802,2.395,2.514,2.631,3.817,6.005,6.718,8.83,8.395,7.131,9.853,11.982,12.768,15.305,21.098,29.923,40.783,,,,,,,
258,MGX AU Equity,MOUNT GIBSON IRON LTD,AUD,-0.538,-11.548,-8.2014,23.228,14.953,41.449,172.974,98.412,178.324,326.669,211.623,124.536,138.755,-997.7,71.199,13.139,86.792,60.6673,124.414,99.44,-246.511,36.578,,,,,,,
259,PPC AU Equity,PEET LTD,AUD,10.5056,27.636,41.2884,43.197,51.751,35.925,69.039,23.184,61.862,34.837,8.627,1.981,26.158,59.111,46.468,55.434,63.763,58.611,-41.971,31.547,50.984,52.557,,,,,,,
260,PPM AU Equity,PEPPER MONEY LTD/AU,AUD,#N/A,#N/A,#N/A,#N/A,#N/A,#N/A,#N/A,#N/A,#N/A,#N/A,35.8,43.1,44.7,7.054,70.278,47.155,13.821,80.041,141.514,186.3,201.7,#N/A,,,,,,,
261,ACL AU Equity,AUSTRALIAN CLINICAL LABS LTD,AUD,#N/A,#N/A,#N/A,#N/A,#N/A,#N/A,#N/A,#N/A,#N/A,#N/A,#N/A,#N/A,#N/A,#N/A,#N/A,#N/A,-4,-5.6,47.4,108.547,266.604,61.993,,,,,,,
262,SSM AU Equity,SERVICE STREAM LTD,AUD,5.1316,9.3705,9.098,20.2635,6.838,15.753,30.554,22.428,-0.125,28.818,31.27,-110.666,7.564,19.064,28.409,40.873,57.851,74.014,74.013,45.902,-29.111,14.166,,,,,,,
263,IFM AU Equity,INFOMEDIA LTD,AUD,20.299,27.808,28.811,21.358,21.205,22.763,16.019,15.439,9.249,8.351,8.467,11.828,16.908,17.092,14.357,15.646,15.436,17.848,24.272,19.456,6.767,12.322,,,,,,,
264,PFP AU Equity,PROPEL FUNERAL PARTNERS LTD,AUD,#N/A,#N/A,#N/A,#N/A,#N/A,#N/A,#N/A,#N/A,#N/A,#N/A,#N/A,#N/A,#N/A,#N/A,4.1618,9.654,-6.186,18.486,17.538,25.33,6.464,33.194,,,,,,,
265,MTAL US Equity,METALS ACQUISITION LTD-A,AUD,#N/A,#N/A,#N/A,#N/A,#N/A,#N/A,#N/A,#N/A,#N/A,#N/A,#N/A,#N/A,#N/A,#N/A,#N/A,#N/A,#N/A,#N/A,#N/A,#N/A,-14.3783,#N/A,,,,,,,
266,CBO AU Equity,COBRAM ESTATE OLIVES LTD,AUD,#N/A,#N/A,#N/A,#N/A,#N/A,#N/A,#N/A,#N/A,#N/A,#N/A,#N/A,#N/A,#N/A,#N/A,#N/A,#N/A,#N/A,19.959,-35.074,57.463,8.008,23.322,,,,,,,
267,RPL AU Equity,REGAL PARTNERS LTD,AUD,#N/A,#N/A,#N/A,#N/A,#N/A,#N/A,#N/A,#N/A,#N/A,#N/A,#N/A,#N/A,#N/A,#N/A,16.1,16,50.2,40.304,38.732,62.046,22.054,#N/A,,,,,,,
268,MVF AU Equity,MONASH IVF GROUP LTD,AUD,#N/A,#N/A,#N/A,#N/A,#N/A,#N/A,#N/A,#N/A,#N/A,22.6,28,32.121,21.61,35.427,45.37,44.613,33.158,31.287,21.833,38.651,28.369,33.118,,,,,,,
269,HPI AU Equity,HOTEL PROPERTY INVESTMENTS,AUD,#N/A,#N/A,#N/A,#N/A,#N/A,#N/A,#N/A,#N/A,#N/A,73.383,47.082,69.742,85.356,52.71,70.425,110.557,61.634,62.266,52.856,97.279,228.706,26.341,,,,,,,
270,ASG AU Equity,AUTOSPORTS GROUP LTD,AUD,#N/A,#N/A,#N/A,#N/A,#N/A,#N/A,#N/A,#N/A,#N/A,#N/A,#N/A,#N/A,#N/A,#N/A,60.312,29.217,63.837,66.096,-54.473,97.942,113.214,167.488,,,,,,,
271,CXL AU Equity,CALIX LTD,AUD,#N/A,#N/A,#N/A,#N/A,#N/A,#N/A,#N/A,#N/A,#N/A,#N/A,#N/A,#N/A,#N/A,#N/A,-1.6359,0.9558,1.9326,-0.3098,-0.1092,-1.9285,-12.4875,-17.5171,,,,,,,
272,PDI AU Equity,PREDICTIVE DISCOVERY LTD,AUD,#N/A,#N/A,#N/A,#N/A,#N/A,#N/A,0.0002,-0.0577,-0.1928,-1.6184,-2.2951,-1.2729,-2.5837,-7.1184,-7.8528,-2.6901,-1.3615,-1.4629,-2.2813,-6.7141,-10.0045,-11.3579,,,,,,,
273,AQZ AU Equity,ALLIANCE AVIATION SERVICES L,AUD,#N/A,#N/A,#N/A,#N/A,#N/A,#N/A,#N/A,19.6726,12.302,24.672,28.622,34.735,18.296,-31.726,19.554,23.281,29.227,36.032,43.895,51.902,14.64,66.016,,,,,,,
274,MRM AU Equity,MMA OFFSHORE LTD,AUD,-0.667,-0.977,4.357,5.01,9.399,20.809,31.639,36.233,49.801,66.04,79.605,88.569,81.143,-38.391,-141.125,-329.749,-4.366,-17.609,-75.792,16.002,41.472,113.76,,,,,,,
275,GRR AU Equity,GRANGE RESOURCES LTD,AUD,-0.981,-2.617,4.8399,-5.9186,0.8193,-0.9052,11.888,128.768,46.611,155.53,79.356,25.326,-171.721,-223.348,94.177,70.636,123.548,75.519,224.572,439.04,230.484,#N/A,,,,,,,
276,MEI AU Equity,METEORIC RESOURCES NL,AUD,#N/A,#N/A,#N/A,-2.0915,-2.2608,-1.1391,-1.3065,-0.7162,-1.8255,-1.6891,-1.3506,-0.6516,-0.7224,-0.808,-0.9418,-0.45,-6.7416,-4.4784,-7.1443,-9.0436,-5.5508,-37.7697,,,,,,,
277,PAC AU Equity,PACIFIC CURRENT GROUP LTD,AUD,1.095,5.277,19.4478,30.0787,30.7841,35.3668,-2.5561,-5.8182,-2.553,-4.1252,-5.0691,-4.2468,-4.5841,198.2596,0.4451,4.1561,99.784,52.851,-29.068,16.857,-56.316,-25.607,,,,,,,
278,SHV AU Equity,SELECT HARVESTS LTD,AUD,15.933,17.365,23.851,33.146,38.375,39.405,27.12,26.827,25.814,21.862,-2.495,5.241,31.288,85.845,49.828,16.979,34.869,80.01,44.571,32.606,12.043,#N/A,,,,,,,
279,GWA AU Equity,GWA GROUP LTD,AUD,78.914,90.49,99.083,99.347,81.242,91.019,73.728,81.174,95.712,101.339,70.74,55.336,56.656,23.095,77.96,74.774,76.32,69.296,69.852,68.32,75.109,70.309,,,,,,,
280,KGN AU Equity,KOGAN.COM LTD,AUD,#N/A,#N/A,#N/A,#N/A,#N/A,#N/A,#N/A,#N/A,#N/A,#N/A,#N/A,#N/A,3.2,0.2,1.6366,6.5065,19.9805,23.9928,41.04,10.735,-38.119,-36.346,,,,,,,
281,NXL AU Equity,NUIX LTD,AUD,#N/A,#N/A,#N/A,#N/A,#N/A,#N/A,#N/A,#N/A,#N/A,#N/A,#N/A,#N/A,#N/A,#N/A,#N/A,15.5076,7.9062,12.04,34.494,-0.552,-23.52,-5.8,,,,,,,
282,SYR AU Equity,SYRAH RESOURCES LTD,AUD,#N/A,#N/A,#N/A,#N/A,#N/A,#N/A,-1.5051,-1.7409,-1.4218,-0.8196,-1.9486,-4.9978,-7.1535,-13.108,-16.9548,-17.8538,-41.3728,-225.8726,-78.0896,-63.8776,-38.0869,#N/A,,,,,,,
283,TYR AU Equity,TYRO PAYMENTS LTD,AUD,#N/A,#N/A,#N/A,#N/A,#N/A,#N/A,#N/A,#N/A,#N/A,#N/A,#N/A,#N/A,#N/A,#N/A,#N/A,-17.033,-18.297,-20.263,-38.057,-29.775,-26.059,2.592,,,,,,,
284,AEF AU Equity,AUSTRALIAN ETHICAL INVT LTD,AUD,0.569,0.2764,0.6585,1.1383,1.9882,2.6559,2.4512,1.8229,1.6055,1.9427,0.776,2.0538,4.435,3.951,5.986,5.995,7.398,9.157,12.945,15.553,13.815,13.27,,,,,,,
285,29M AU Equity,29METALS LTD,AUD,#N/A,#N/A,#N/A,#N/A,#N/A,#N/A,#N/A,#N/A,#N/A,#N/A,#N/A,#N/A,#N/A,#N/A,#N/A,#N/A,79.918,141.479,44.372,61.489,-34.446,#N/A,,,,,,,
286,OBL AU Equity,OMNI BRIDGEWAY LTD,AUD,2.916,9.043,1.717,-4.7181,-0.4314,8.9173,24.563,27.6162,15.1313,31.2303,59.451,16.4247,14.7962,17.738,23.51,22.841,-14.884,-55.995,27.158,-56.474,-24.168,-15.936,,,,,,,
287,EML AU Equity,EML PAYMENTS LTD,AUD,#N/A,#N/A,-0.1033,-0.0279,-0.236,-1.7745,-1.1908,-3.1434,-0.5774,-5.3613,-11.2188,-6.5574,-6.6392,-6.7434,-2.71,-3.767,2.875,10.248,-11.419,-14.449,-15.225,-68.712,,,,,,,
288,MYR AU Equity,MYER HOLDINGS LTD,AUD,#N/A,#N/A,#N/A,#N/A,#N/A,#N/A,#N/A,228.203,260.856,256.154,226.312,219.134,161.681,79.364,101.593,54.844,-497.848,39.739,-146.7,155,159,186.1,,,,,,,
289,RDY AU Equity,READYTECH HOLDINGS LTD,AUD,#N/A,#N/A,#N/A,#N/A,#N/A,#N/A,#N/A,#N/A,#N/A,#N/A,#N/A,#N/A,#N/A,#N/A,5.868,7.961,-0.553,-0.699,5.579,3.744,12.667,9.345,,,,,,,
290,BLX AU Equity,BEACON LIGHTING GROUP LTD,AUD,#N/A,#N/A,#N/A,#N/A,#N/A,#N/A,#N/A,#N/A,#N/A,#N/A,14.3333,15.007,17.949,24.951,27.208,24.687,29.043,24.875,38.078,59.719,63.436,54.653,,,,,,,
291,SWM AU Equity,SEVEN WEST MEDIA LTD,AUD,82.597,97.651,115.175,136.166,149.096,150.369,176.862,138.24,149.695,210.263,453.339,98.39,304.34,-1769.904,296.525,-728.063,225.437,-388.909,-267.168,497.218,323.344,230.811,,,,,,,
292,PWR AU Equity,PETER WARREN AUTOMOTIVE HOLD,AUD,#N/A,#N/A,#N/A,#N/A,#N/A,#N/A,#N/A,#N/A,#N/A,#N/A,35.8653,29.59,40.525,78.023,96.149,108.334,108.334,108.334,108.334,108.334,108.334,108.334,,,,,,,
293,HTA AU Equity,HUTCHISON TELECOMM (AUST),AUD,-175.593,-406.348,-776.326,-463.273,-212.52,-178.55,-128.553,530.488,-1.473,-0.086,-1.121,4.012,15.47,-1.299,-1.246,-1.222,-1.128,-1.423,-1.457,-1.901,-1.676,#N/A,,,,,,,
294,SGLLV AU Equity,RICEGROWERS LIMITED,AUD,#N/A,#N/A,#N/A,#N/A,#N/A,#N/A,#N/A,#N/A,#N/A,40.32,52.393,54.54,47.258,82.891,85.435,50.59,59.173,63.377,38.153,24.967,65.143,82.023,,,,,,,
295,ARU AU Equity,ARAFURA RARE EARTHS LTD,AUD,#N/A,-0.147,-0.2858,-0.7919,-1.7062,-4.1972,-11.6614,-13.9984,-10.6709,-10.6195,-10.8625,-13.2445,-7.8576,-4.8318,-3.5874,-3.6786,-4.1272,-5.7565,-5.1124,-6.5606,-35.6689,-99.5425,,,,,,,
296,TLG AU Equity,TALGA GROUP LTD,AUD,#N/A,#N/A,#N/A,#N/A,#N/A,#N/A,#N/A,#N/A,-0.1793,-1.501,-2.7172,-4.2447,-3.1204,-5.8435,-6.2245,-8.7224,-7.8382,-13.206,-13.4229,-20.0931,-34.1246,-43.4887,,,,,,,
297,CVL SP Equity,CIVMEC LTD,AUD,#N/A,#N/A,#N/A,#N/A,#N/A,#N/A,#N/A,#N/A,#N/A,9.7112,33.0432,38.093,38.8689,34.3631,20.4793,11.6419,28.646,13.269,25.005,56.599,74.7,86.216,,,,,,,
298,BMN AU Equity,BANNERMAN ENERGY LTD,AUD,#N/A,#N/A,#N/A,-0.0886,-0.5326,-2.1477,-16.2883,-8.7922,-9.191,-12.152,-8.831,-4.867,-2.024,-2.712,0.9,-2.996,-2.509,-2.401,-2.416,-2.304,-3.473,-6.129,,,,,,,
299,OFX AU Equity,OFX GROUP LTD,AUD,#N/A,#N/A,#N/A,#N/A,#N/A,#N/A,#N/A,#N/A,15.267,19.017,18.631,24.244,21.882,33.933,31.793,23.987,24.906,21.551,24.767,16.329,32.54,37.249,,,,,,,
300,IMM AU Equity,IMMUTEP LTD,AUD,-4.372,-5.928,-5.8057,-6.8573,-5.8808,-3.0279,-1.9346,-2.8602,-11.489,-15.7515,-22.6235,-17.4955,-14.4497,-14.6812,-61.7384,-9.4576,-12.1872,-18.2381,-12.8572,-19.6561,-33.2463,-41.2994,,,,,,,
301,JMS AU Equity,JUPITER MINES LTD,AUD,#N/A,#N/A,#N/A,-0.8223,-0.7637,-7.117,-3.1284,-10.5639,-2.9053,-4.3719,-5.0184,-4.7836,-150.6767,8.8209,6.3752,2.2941,4.1373,4.2559,1.9516,2.3742,#N/A,#N/A,,,,,,,
302,RMC AU Equity,RESIMAC GROUP LTD,AUD,7.2011,4.165,1.9301,3.688,1.227,3.213,14.085,8.274,13.026,11.601,10.814,9.439,8.433,7.47,15.761,23.022,35.932,58.132,80.279,152.076,143.46,95.385,,,,,,,
303,RNU AU Equity,RENASCOR RESOURCES LTD,AUD,#N/A,#N/A,#N/A,#N/A,#N/A,#N/A,#N/A,-0.0273,-0.1676,-1.2408,-0.6297,-0.7212,-1.5743,-4.9587,-0.9181,-1.1264,-3.4714,-1.4164,-1.0922,-0.881,-1.5027,-2.5423,,,,,,,
304,CWP AU Equity,CEDAR WOODS PROPERTIES LTD,AUD,5.722,10.951,15.79,16.068,25.292,31.077,30.485,16.251,25.679,40.479,51.487,49.552,53.209,58.717,64.247,66.399,64.611,71.284,31.903,50.576,54.06,49.787,,,,,,,
305,LYL AU Equity,LYCOPODIUM LTD,AUD,#N/A,-27.857,-45.357,7.606,9.639,11.574,16.8347,19.79,18.754,23.9349,30.5997,22.2111,3.7823,-5.3299,2.848,11.7425,22.4148,21.1461,14.6334,20.6119,30.145,60.4024,,,,,,,
306,ALK AU Equity,ALKANE RESOURCES LTD,AUD,-1.835,-1.861,-2.0661,-1.978,-3.8979,-1.6281,-0.8088,-2.0228,-2.1362,-3.593,-5.316,-98.597,-2.88,-8.282,6.601,-33.026,30.739,24.57,20.086,49.941,53.504,59.246,,,,,,,
307,SPR AU Equity,SPARTAN RESOURCES LTD/AUSTRA,AUD,#N/A,#N/A,#N/A,#N/A,#N/A,#N/A,#N/A,#N/A,-2.75,-0.5918,-1.3135,-1.9499,-2.7415,-3.2821,-1.1225,-3.0714,-0.9526,-64.551,8.664,-37.829,-78.214,-30.415,,,,,,,
308,HLO AU Equity,HELLOWORLD TRAVEL LTD,AUD,0.038,-0.536,5.771,8.669,12.136,17.345,18.913,15.953,-16.767,28.863,7.666,25.606,-61.914,-196.784,3.193,30.62,42.092,55.248,-80.949,-65.522,-37.127,14.749,,,,,,,
309,BLY AU Equity,BOART LONGYEAR GROUP LTD-CDI,AUD,#N/A,#N/A,#N/A,#N/A,37.0557,268.4977,347.151,32.0283,147.7139,241.3273,128.2792,-483.9284,-198.9959,-242.7361,-83.9912,-105.9447,39.0972,44.6496,4.9499,61.2918,75.8031,#N/A,,,,,,,
310,AGI AU Equity,AINSWORTH GAME TECHNOLOGY LT,AUD,-6.945,-12.673,3.258,-8.319,8.521,-39.586,-12.477,-10.998,4.588,23.056,50.321,63.091,78.246,65.653,67.783,54.881,37.098,5.419,-50.257,-46.369,6.726,#N/A,,,,,,,
311,AFG AU Equity,AUSTRALIAN FINANCE GROUP LTD,AUD,#N/A,#N/A,#N/A,#N/A,#N/A,#N/A,#N/A,#N/A,#N/A,#N/A,#N/A,20.793,22.681,19.264,30.252,54.693,45.078,42.905,50.455,65.28,55.271,46.355,,,,,,,
312,GNG AU Equity,GR ENGINEERING SERVICES LTD,AUD,#N/A,#N/A,#N/A,#N/A,#N/A,#N/A,12.5979,21.0858,23.7282,28.3931,17.9089,9.9941,15.4592,15.701,25.5789,15.4986,16.1144,8.3175,-9.7783,34.1577,50.3697,36.2502,,,,,,,
313,CVW AU Equity,CLEARVIEW WEALTH LTD,AUD,#N/A,#N/A,3.499,6.068,29.243,29.422,11.689,-3.09,1.144,27.252,38.475,26.867,37.134,52.234,49.126,-32.713,-33.104,-90.22,-282.368,-88.037,-165.449,-68.886,,,,,,,
314,KSC AU Equity,K & S CORP LTD,AUD,14.311,14.78,17.987,20.084,17.782,25.131,30.877,27.687,31.084,29.285,30.2,27.579,18.358,25.827,-102.979,16.018,31.502,15.453,26.473,30.917,26.844,44.05,,,,,,,
315,DCN AU Equity,DACIAN GOLD LTD,AUD,#N/A,#N/A,#N/A,#N/A,#N/A,#N/A,#N/A,#N/A,#N/A,#N/A,#N/A,-6.3126,-6.0679,-8.6083,-22.3416,-20.6128,-34.043,3.614,-89.443,-4.926,-185.699,-62.018,,,,,,,
316,BCI AU Equity,BCI MINERALS LTD,AUD,#N/A,#N/A,#N/A,#N/A,#N/A,-0.9059,-1.511,-2.0577,-2.9414,-1.6293,61.9307,89.2517,115.815,-199.588,-1.558,6.432,-17.33,10.757,-0.052,21.692,-16.031,3.994,,,,,,,
317,MAH AU Equity,MACMAHON HOLDINGS LTD,AUD,12.467,6.748,7.64,23.823,37.194,48.863,69.148,16.175,20.887,35.467,61.999,83.553,67.128,-208.312,10.69,-8.486,36.463,53,79.345,91.014,65.972,106.681,,,,,,,
318,REP AU Equity,RAM ESSENTIAL SERVICES PROPE,AUD,#N/A,#N/A,#N/A,#N/A,#N/A,#N/A,#N/A,#N/A,#N/A,#N/A,#N/A,#N/A,#N/A,#N/A,#N/A,#N/A,#N/A,#N/A,#N/A,#N/A,65.64,-6.195,,,,,,,
319,IPG AU Equity,IPD GROUP LTD,AUD,#N/A,#N/A,#N/A,#N/A,#N/A,#N/A,#N/A,#N/A,#N/A,#N/A,#N/A,#N/A,#N/A,0.6,5.8,9.6,16.716,23.878,23.878,23.878,23.878,23.878,,,,,,,
320,LPI AU Equity,LITHIUM POWER INTERNATIONAL,AUD,#N/A,#N/A,#N/A,#N/A,#N/A,#N/A,#N/A,#N/A,#N/A,#N/A,#N/A,#N/A,#N/A,#N/A,#N/A,-2.7374,-4.2603,-2.733,-2.8778,-2.7331,-3.0153,-10.4436,,,,,,,
321,NVX AU Equity,NOVONIX LTD,AUD,#N/A,#N/A,#N/A,#N/A,#N/A,#N/A,#N/A,#N/A,#N/A,#N/A,#N/A,#N/A,#N/A,#N/A,-1.2438,-6.2832,-10.31,-26.5056,-20.0285,-18.0761,-57.0561,#N/A,,,,,,,
322,3PL AU Equity,3P LEARNING LTD,AUD,#N/A,#N/A,#N/A,#N/A,#N/A,#N/A,#N/A,#N/A,#N/A,-0.8,2.5,1.168,6.434,3.847,6.815,8.784,10.72,8.883,1.496,-11.656,-0.616,3.922,,,,,,,
323,RUL AU Equity,RPMGLOBAL HOLDINGS LTD,AUD,#N/A,#N/A,#N/A,3.3466,4.8591,8.36,65.119,10.506,3.413,7.038,8.842,-7.36,-8.92,-7.219,-9.518,0.538,0.698,1.672,-2.045,-1.413,-2.486,5.006,,,,,,,
324,SRG AU Equity,SRG GLOBAL LTD,AUD,#N/A,#N/A,#N/A,#N/A,#N/A,4.6958,14.73,17.721,16.729,29.275,36.369,28.959,14.505,13.654,-88.865,21.469,1.219,7.567,-34.698,21.123,29.559,40.229,,,,,,,
325,IVZ AU Equity,INVICTUS ENERGY LTD,AUD,#N/A,#N/A,#N/A,#N/A,#N/A,#N/A,#N/A,#N/A,#N/A,0,-1.8141,-5.6983,-11.2612,-4.7203,-1.7937,-0.5137,-0.9227,-1.0654,-1.6139,-1.2199,-4.2649,-5.0697,,,,,,,
326,MYS AU Equity,MYSTATE LTD,AUD,#N/A,#N/A,#N/A,#N/A,#N/A,#N/A,16.6691,14.8982,24.6578,30.9245,34.1612,40.343,41.521,46.031,41.09,42.238,44.699,42.62,42.986,52.058,45.048,55.185,,,,,,,
327,MHJ AU Equity,MICHAEL HILL INTERNATIONAL L,AUD,#N/A,#N/A,#N/A,#N/A,#N/A,#N/A,#N/A,#N/A,#N/A,#N/A,#N/A,40.402,42.502,40.278,47.41,63.194,46.816,21.207,16.465,69.043,73.421,59.678,,,,,,,
328,BFG AU Equity,BELL FINANCIAL GROUP LTD,AUD,#N/A,#N/A,#N/A,#N/A,15.577,18.249,22.591,41.276,32.641,12.834,-3.777,10.454,8.552,22.838,25.175,31.159,36,46.5,67,63.115,37.008,#N/A,,,,,,,
329,DLI AU Equity,DELTA LITHIUM LTD,AUD,#N/A,#N/A,#N/A,#N/A,#N/A,#N/A,#N/A,#N/A,#N/A,#N/A,#N/A,#N/A,#N/A,-1.8743,-0.522,-0.3315,-0.597,-1.0715,-1.565,-0.7037,-8.0488,-9.7602,,,,,,,
330,MYX AU Equity,MAYNE PHARMA GROUP LTD,AUD,#N/A,#N/A,#N/A,#N/A,-0.0096,-1.9641,-4.232,-5.1649,1.548,-0.009,4.748,6.352,28.984,15.566,47.408,127.973,-149.592,-336.525,-104.342,-231.754,-115.014,-223.996,,,,,,,
331,LOT AU Equity,LOTUS RESOURCES LTD,AUD,#N/A,#N/A,#N/A,#N/A,#N/A,#N/A,-0.48,-0.6017,-1.5308,-1.1892,-1.6963,-1.474,-0.8861,-11.657,-6.8861,-5.0855,-2.1969,-0.8256,-16.5766,-5.9024,-13.0005,-9.8652,,,,,,,
332,GL1 AU Equity,GLOBAL LITHIUM RESOURCES LTD,AUD,#N/A,#N/A,#N/A,#N/A,#N/A,#N/A,#N/A,#N/A,#N/A,#N/A,#N/A,#N/A,#N/A,#N/A,#N/A,#N/A,#N/A,-0.0098,-0.0164,-1.2254,-4.2954,-6.1476,,,,,,,
333,AVR AU Equity,ANTERIS TECHNOLOGIES LTD,AUD,#N/A,#N/A,-0.7154,-0.9097,-1.1102,-0.2877,-1.2532,-1.3412,-0.0111,-1.7969,-9.6155,-1.874,-10.1385,-23.8901,-25.2227,-13.853,-22.877,-3.6101,-13.4955,-20.9829,-44.0684,#N/A,,,,,,,
334,RHI AU Equity,RED HILL MINERALS LTD,AUD,#N/A,#N/A,#N/A,#N/A,-0.9606,-2.2272,-2.0182,-1.8332,-1.3878,-1.4263,-1.193,-3.6769,-2.0313,-0.58,-0.6728,-0.6097,-0.5744,-0.5829,-0.4701,-1.6562,196.3736,-3.5675,,,,,,,
335,DXC AU Equity,DEXUS CONVENIENCE RETAIL REI,AUD,#N/A,#N/A,#N/A,#N/A,#N/A,#N/A,#N/A,#N/A,#N/A,#N/A,#N/A,#N/A,#N/A,#N/A,#N/A,4.942,23.541,26.226,27.419,34.079,41.918,45.255,,,,,,,
336,EHL AU Equity,EMECO HOLDINGS LTD,AUD,#N/A,#N/A,#N/A,24.564,75.432,110.041,119.223,99.988,48.51,93.206,128.72,35.001,-218.389,-80.452,-148.85,-99.898,49.649,98.966,105.335,107.203,115.14,79.147,,,,,,,
337,IMU AU Equity,IMUGENE LTD,AUD,0,-1.719,-2.3101,-2.447,-2.6383,-2.9737,-2.5325,0.1759,-1.8091,0.3409,-3.2102,-1.5554,-3.0271,-2.5583,-2.7439,-2.5208,-3.9371,-8.1841,-10.8052,-18.4659,-37.9411,-39.518,,,,,,,
338,LAU AU Equity,LINDSAY AUSTRALIA LTD,AUD,-0.716,0.74,0.922,3.081,0.268,5.965,5.847,8.078,6.957,5.169,4.395,14.498,13.094,12.597,15.42,13.3,16.084,18.358,16.427,11.463,33.877,58.461,,,,,,,
339,SLC AU Equity,SUPERLOOP LTD,AUD,#N/A,#N/A,#N/A,#N/A,#N/A,#N/A,#N/A,#N/A,#N/A,#N/A,#N/A,#N/A,#N/A,-4.1445,-7.5697,-4.9547,-0.026,-78.765,-33.201,-26.385,-56.943,-46.602,,,,,,,
340,BVS AU Equity,BRAVURA SOLUTIONS LTD,AUD,#N/A,#N/A,#N/A,#N/A,3.351,9.393,7.602,-1.339,-12.046,-17.668,7.812,6.399,-1.117,-77.151,18.629,24.349,31.479,42.091,50.333,41.129,37.663,-278.489,,,,,,,
341,KCN AU Equity,KINGSGATE CONSOLIDATED LTD,AUD,34.291,48.703,36.08,6.767,8.894,-23.902,10.057,31.497,86.36,34.541,97.911,-324.455,-83.659,-121.896,-259.093,14.814,-73.358,19.149,-23.148,-3.652,-16.028,11.007,,,,,,,
342,CDP AU Equity,CARINDALE PROPERTY TRUST,AUD,11.445,12.301,12.899,14.671,16.717,18.137,18.542,21.151,22.654,23.042,22.127,32.131,34.2,36.34,36.886,36.758,36.191,33.374,32.579,30.592,32.027,34.533,,,,,,,
343,TER AU Equity,TERRACOM LTD,AUD,#N/A,#N/A,#N/A,#N/A,#N/A,#N/A,#N/A,#N/A,#N/A,-5.9164,-23.5276,6.1049,-62.0981,-12.935,-21.0307,33.015,8.989,85.061,-31.432,-20.982,379.734,314.173,,,,,,,
344,INR AU Equity,IONEER LTD,AUD,#N/A,#N/A,#N/A,#N/A,#N/A,-0.3005,-0.5885,-0.6224,-0.963,-0.6109,-1.1748,-0.9936,-4.7726,-1.351,-4.7347,-7.4471,-3.506,-5.36,-8.256,-8.955,-11.972,-9.696,,,,,,,
345,APZ AU Equity,ASPEN GROUP,AUD,-0.9286,1.069,4.466,9.738,37.376,29.489,31.167,2.02,21.338,17.034,-4.132,0.084,4.004,-12.742,4.369,-1.359,0.6,4.708,7.044,7.692,9.408,17.416,,,,,,,
346,BRN AU Equity,BRAINCHIP HOLDINGS LTD,AUD,#N/A,#N/A,#N/A,#N/A,#N/A,#N/A,#N/A,#N/A,-4.2486,-2.8345,-3.3494,-3.3312,-1.099,-36.3671,-6.4456,-18.1791,-22.3061,-15.7241,-16.2233,-26.0045,-32.3497,#N/A,,,,,,,
347,SRV AU Equity,SERVCORP LTD,AUD,3.664,6.356,12.79,16.96,26.011,32.415,37.382,40.391,-1.946,-2.349,12.021,20.46,28.984,34.212,43.828,39.441,27.613,28.489,12.331,24.315,31.377,11.145,,,,,,,
348,MSB AU Equity,MESOBLAST LTD,AUD,#N/A,#N/A,#N/A,-1.4894,-8.7602,-11.0711,-8.6412,-10.0221,-11.1463,89.2783,-56.1494,-67.9379,-92.3264,-150.1655,-111.9002,-120.2369,-97.072,-123.0002,-110.8624,-117.1322,-103.94,-93.8706,,,,,,,
349,DUR AU Equity,DURATEC LTD,AUD,#N/A,#N/A,#N/A,#N/A,#N/A,#N/A,#N/A,#N/A,#N/A,#N/A,#N/A,#N/A,#N/A,8.5945,13.2655,16.126,9.922,9.022,27.163,27.163,27.163,27.163,,,,,,,
350,NGI AU Equity,NAVIGATOR GLOBAL INVESTMENTS,AUD,#N/A,#N/A,#N/A,1.5207,11.325,29.072,51.4422,-580.464,6.305,6.5002,2.6255,5.4256,16.0436,19.9007,32.985,39.5638,43.7467,51.0481,40.026,55.6264,94.529,73.8627,,,,,,,
351,GDG AU Equity,GENERATION DEVELOPMENT GROUP,AUD,#N/A,#N/A,#N/A,#N/A,26.62,17.062,14.376,-30.975,-6.868,1.435,-6.256,-4.976,-2.208,-3.009,-1.761,-1.487,45.891,69.914,-48.542,241.424,-212.412,198.062,,,,,,,
352,IGL AU Equity,IVE GROUP LTD,AUD,#N/A,#N/A,#N/A,#N/A,#N/A,#N/A,#N/A,#N/A,#N/A,#N/A,#N/A,10.1,12.2,5.065,16.891,22.19,44.765,56.391,0.3,48.458,48.512,37.65,,,,,,,
353,CVC AU Equity,CVC LTD,AUD,0,0,0,0,0,0,0,0,0,0,0,0,0,0,-16.3124,-6.0623,6.923,-7.1315,-11.3303,27.4869,24.4107,26.8325,,,,,,,
354,GRX AU Equity,GREENEX METALS LTD,AUD,-0.0456,-0.1431,-0.1536,-0.247,-0.9654,-2.2916,-3.1961,-2.5863,-2.1416,-1.7455,-1.7711,-3.7523,-8.7959,-0.7771,-7.0714,-7.5855,-19.7157,-3.7538,-3.368,-0.9026,-3.6864,-3.7317,,,,,,,
355,PPS AU Equity,PRAEMIUM LTD,AUD,#N/A,#N/A,#N/A,#N/A,-1.4888,-10.0801,-11.4393,-11.2407,-5.7855,-5.6294,-2.7674,-0.8835,-1.0805,1.4697,2.0595,2.5626,4.7515,5.3943,7.842,9.4413,6.5731,12.3959,,,,,,,
356,GDI AU Equity,GDI PROPERTY GROUP,AUD,#N/A,#N/A,#N/A,#N/A,#N/A,#N/A,#N/A,#N/A,#N/A,#N/A,#N/A,#N/A,#N/A,46.171,40.937,43.518,37.211,49.941,37.739,25.041,11.643,32.817,,,,,,,
357,OBM AU Equity,ORA BANDA MINING LTD,AUD,#N/A,#N/A,-1.0982,-1.9088,-4.0835,-33.197,-83.649,-12.527,-10.064,-4.569,-4.462,-24.711,-2.4371,-5.3545,-16.2879,-17.331,-83.649,12.844,-6.638,-21.75,-99.388,-41.743,,,,,,,
358,SOLG LN Equity,SOLGOLD PLC,AUD,#N/A,#N/A,#N/A,#N/A,-0.9181,-1.5423,-1.7772,-1.2761,-2.1838,-3.1881,-22.6993,-29.9324,-4.8186,-4.3648,-7.5361,-8.2496,-15.9543,-46.6618,-20.5651,-17.2425,-29.5459,-56.8581,,,,,,,
359,CVN AU Equity,CARNARVON ENERGY LTD,AUD,-1.337,-1.365,-1.4849,-1.1708,-1.4395,-1.8228,47.386,68.916,37.984,19.562,6.589,-0.198,-2.248,-2.083,-9.637,-35.887,-0.942,-11.659,-6.529,17.965,-27.256,-8.215,,,,,,,
360,ZIP AU Equity,ZIP CO LTD,AUD,#N/A,#N/A,#N/A,#N/A,#N/A,#N/A,#N/A,#N/A,-1.3091,-2.4913,-2.0401,-2.022,-2.8474,-0.2854,-7.0496,-9.35,-21.2295,-10.9667,-68.201,-601.995,-832.529,-37.177,,,,,,,
361,MAU AU Equity,MAGNETIC RESOURCES NL,AUD,#N/A,#N/A,#N/A,#N/A,#N/A,-0.5929,-1.8959,-1.5908,-2.7182,-3.143,-2.0006,-1.7543,-1.9522,-1.2754,-1.2679,-1.8248,-1.8612,-3.2192,-4.669,-8.6378,-7.6685,-7.1357,,,,,,,
362,D2O AU Equity,DUXTON WATER LTD,AUD,#N/A,#N/A,#N/A,#N/A,#N/A,#N/A,#N/A,#N/A,#N/A,#N/A,#N/A,#N/A,#N/A,#N/A,-0.589,2.861,10.997,12.883,16.646,11.8,13.235,#N/A,,,,,,,
363,AKP AU Equity,AUDIO PIXELS HOLDINGS LTD,AUD,#N/A,#N/A,#N/A,-0.0471,0.0261,0.0247,0.0381,0.0609,0.1775,-3.0285,-2.4253,-3.2357,-3.9481,-3.1362,-4.3543,-3.7475,-4.353,-6.3678,-8.2789,-5.6673,-5.3467,#N/A,,,,,,,
364,CGS AU Equity,COGSTATE LTD,AUD,-1.877,-1.607,-2.2399,-3.2967,-2.2257,-2.0564,-0.9161,1.3275,0.7412,-0.0557,1.6318,-1.9925,-4.185,-5.854,1.3743,-0.3749,0.317,-5.0836,-4.0985,8.4552,15.1668,4.6828,,,,,,,
365,MLX AU Equity,METALS X LTD,AUD,#N/A,#N/A,#N/A,-11.4299,-21.7487,-13.3629,-5.5023,-60.3677,13.5067,58.5707,-20.9191,4.172,34.4992,36.9805,-0.4741,-7.2851,-23.3568,-41.1118,-12.626,25.433,133.312,#N/A,,,,,,,
366,UNI AU Equity,UNIVERSAL STORE HOLDINGS LTD,AUD,#N/A,#N/A,#N/A,#N/A,#N/A,#N/A,#N/A,#N/A,#N/A,#N/A,#N/A,#N/A,14.4,19,24.5,38.041,31.989,38.571,38.571,38.571,38.571,38.571,,,,,,,
367,COE AU Equity,COOPER ENERGY LTD,AUD,#N/A,-1.706,-4.6318,12.753,11.794,6.692,11.516,1.018,2.945,-8.904,17.336,16.454,33.559,-0.517,-3.637,-5.124,6.931,-12.449,-123.927,-19.959,-9.096,-78.216,,,,,,,
368,HZN AU Equity,HORIZON OIL LTD,AUD,-10.805,-15.835,-5.5691,-8.6788,-2.9883,-4.0169,-18.5348,-0.3278,68.1368,55.0182,24.1578,16.918,52.8628,32.7023,-190.6643,22.6492,43.1233,68.6833,-72.0894,13.9783,62.46,90.9074,,,,,,,
369,LGL AU Equity,LYNCH GROUP HOLDINGS LTD,AUD,#N/A,#N/A,#N/A,#N/A,#N/A,#N/A,#N/A,#N/A,#N/A,#N/A,#N/A,#N/A,#N/A,17.009,27.9365,55.012,45.378,38.465,38.465,38.465,38.465,38.465,,,,,,,
370,COG AU Equity,COG FINANCIAL SERVICES LTD,AUD,#N/A,#N/A,#N/A,#N/A,#N/A,#N/A,#N/A,#N/A,#N/A,#N/A,#N/A,#N/A,4.0325,8.0922,14.2755,6.407,10.051,12.024,-3.994,-9.714,35.453,29.963,,,,,,,
371,HLA AU Equity,HEALTHIA LTD,AUD,#N/A,#N/A,#N/A,#N/A,#N/A,#N/A,#N/A,#N/A,#N/A,#N/A,#N/A,#N/A,#N/A,#N/A,6.886,7.183,-1.386,2.314,9.978,16.824,7.485,23.598,,,,,,,
372,SVM AU Equity,SOVEREIGN METALS LTD,AUD,#N/A,#N/A,#N/A,#N/A,#N/A,-0.8639,-3.5732,-3.5063,-0.8094,-0.6319,-0.8988,-3.3296,-2.2869,-4.1331,-2.1629,-3.6857,-5.3968,-6.4971,-3.0798,-5.0848,-13.7528,-6.0888,,,,,,,
373,SVL AU Equity,SILVER MINES LTD,AUD,#N/A,#N/A,#N/A,#N/A,-0.0474,-0.3826,-0.5465,-0.7178,-0.5058,-2.1614,0.6599,-1.1896,-9.0967,-0.9921,-5.0432,-2.2408,-2.0843,-1.7822,-3.7861,5.3921,-13.3621,-4.2661,,,,,,,
374,WR1 AU Equity,WINSOME RESOURCES LTD,AUD,#N/A,#N/A,#N/A,#N/A,#N/A,#N/A,#N/A,#N/A,#N/A,#N/A,#N/A,#N/A,#N/A,#N/A,#N/A,#N/A,#N/A,#N/A,#N/A,#N/A,-3.2408,-11.8993,,,,,,,
375,BCB AU Equity,BOWEN COKING COAL LTD,AUD,#N/A,#N/A,#N/A,#N/A,#N/A,#N/A,#N/A,#N/A,#N/A,-1.7846,-2.1876,-3.5888,-1.1613,-1.407,-0.057,-0.6618,-1.3586,-1.6048,-2.0787,-3.2192,-17.5917,-153.2951,,,,,,,
376,IPX AU Equity,IPERIONX LTD,AUD,#N/A,#N/A,#N/A,#N/A,#N/A,#N/A,#N/A,#N/A,#N/A,#N/A,#N/A,#N/A,#N/A,#N/A,#N/A,#N/A,-1.3124,-0.8137,-0.764,-8.0873,-30.1565,-26.541,,,,,,,
377,A1N AU Equity,ARN MEDIA LTD,AUD,192.884,222.474,263.775,289.321,264.696,291.123,71.627,174.111,194.866,-43.027,-596.224,99.357,48.341,47.753,286.916,59.494,62.725,25.408,-25.713,47.533,-194.369,#N/A,,,,,,,
378,PGH AU Equity,PACT GROUP HOLDINGS LTD,AUD,#N/A,#N/A,#N/A,#N/A,#N/A,#N/A,#N/A,#N/A,#N/A,130.723,132.569,144.8782,120.056,127.327,148.23,154.519,138.926,-276.461,169.57,170.799,78.898,79.213,,,,,,,
379,PBH AU Equity,POINTSBET HOLDINGS LTD,AUD,#N/A,#N/A,#N/A,#N/A,#N/A,#N/A,#N/A,#N/A,#N/A,#N/A,#N/A,#N/A,#N/A,#N/A,#N/A,-3.1638,-6.6862,-38.9934,-42.5272,-184.4915,-21.944,-115.765,,,,,,,
380,ABA AU Equity,AUSWIDE BANK LTD,AUD,12.3932,13.292,13.9557,17.5608,19.4175,21.5632,23.8041,24.4052,31.1866,31.7556,24.5105,3.5779,20.1921,18.538,17.113,21.708,24.399,24.638,26.498,34.702,37.484,35.917,,,,,,,
381,1712 HK Equity,DRAGON MINING LTD,AUD,-1.026,-0.468,-2.5018,-14.8933,-2.201,-1.366,0.467,10.607,23.742,2.547,-2.426,-25.099,6.726,5.219,5.232,1.967,-7.465,6.951,10.525,3.469,4.132,#N/A,,,,,,,
382,ACF AU Equity,ACROW FORMWORK AND CONSTRUCT,AUD,#N/A,#N/A,#N/A,#N/A,#N/A,#N/A,-0.3289,-2.1962,-2.7026,-24.2113,-22.574,-159.1703,-8.9866,-0.5205,-0.5866,-0.6163,10.7243,5.9717,5.0614,9.4479,21.1695,33.2908,,,,,,,
383,SYM AU Equity,SYMBIO HOLDINGS LTD,AUD,#N/A,#N/A,#N/A,#N/A,-1.4197,-3.3648,-2.0497,0.1473,0.9739,0.9622,3.888,5.279,7.945,9.783,12.637,16.95,16.895,15.965,14.283,20.205,9.451,2.797,,,,,,,
384,ASM AU Equity,AUSTRALIAN STRATEGIC MATERIA,AUD,#N/A,#N/A,#N/A,#N/A,#N/A,#N/A,#N/A,#N/A,#N/A,#N/A,#N/A,#N/A,#N/A,#N/A,#N/A,#N/A,-0.3928,-0.4007,-0.918,-1.975,-21.014,-28.384,,,,,,,
385,SVR AU Equity,SOLVAR LTD,AUD,#N/A,#N/A,#N/A,#N/A,#N/A,1.6512,1.91,1.9154,3.1045,3.7175,3.6879,5.5448,11.8167,23.4423,33.966,49.554,40.239,45.693,47.198,78.648,96.783,108.461,,,,,,,
386,IPD AU Equity,IMPEDIMED LTD,AUD,#N/A,#N/A,#N/A,#N/A,-4.9385,-7.7238,-8.7183,-13.958,-11.514,-12.196,-12.94,-8.621,-7.983,-14.88,-23.816,-27.87,-27.651,-24.31,-21.368,-20.636,-19.846,-21.257,,,,,,,
387,SFX AU Equity,SHEFFIELD RESOURCES LTD,AUD,#N/A,#N/A,#N/A,#N/A,#N/A,#N/A,#N/A,#N/A,-0.3972,-0.9554,-1.4165,-0.8531,-3.9245,-1.1518,-4.7208,-10.6889,-4.665,-10.325,-8.216,32.537,24.991,-8.61,,,,,,,
388,TBN AU Equity,TAMBORAN RESOURCES LTD,AUD,#N/A,#N/A,#N/A,#N/A,#N/A,#N/A,#N/A,#N/A,#N/A,#N/A,#N/A,#N/A,#N/A,#N/A,#N/A,#N/A,#N/A,-3.5953,-12.6984,-18.3819,-11.3914,-43.2035,,,,,,,
389,CTM AU Equity,CENTAURUS METALS LTD,AUD,-0.687,-1.695,-1.2084,-1.197,-2.0559,-1.2294,-1.8645,-1.3093,-4.2798,-13.6755,-21.5491,-36.6345,-10.3916,-3.727,-3.3615,-3.685,-4.2645,-4.4178,-11.591,-17.222,-43.9422,#N/A,,,,,,,
390,BBN AU Equity,BABY BUNTING GROUP LTD,AUD,#N/A,#N/A,#N/A,#N/A,#N/A,#N/A,#N/A,#N/A,#N/A,#N/A,#N/A,3.477,6.56,9.61,12.564,18.11,13.151,23.004,20.826,28.202,35.289,23.965,,,,,,,
391,CAT AU Equity,CATAPULT GROUP INTERNATIONAL,AUD,#N/A,#N/A,#N/A,#N/A,#N/A,#N/A,#N/A,#N/A,#N/A,#N/A,#N/A,#N/A,-1.1389,-5.7369,-8.5628,-13.707,-16.086,-12.962,-8.218,-8.218,-44.4593,-46.2475,,,,,,,
392,DGL AU Equity,DGL GROUP LTD/AU,AUD,#N/A,#N/A,#N/A,#N/A,#N/A,#N/A,#N/A,#N/A,#N/A,#N/A,#N/A,#N/A,#N/A,#N/A,#N/A,#N/A,#N/A,4.009,7.534,51.671,43.834,37.658,,,,,,,
393,LKE AU Equity,LAKE RESOURCES NL,AUD,-1.006,-2.461,-0.1631,-0.0181,-0.1186,-0.3457,-0.1621,-0.2842,-0.1227,-0.2809,-0.2122,-6.5369,-0.1351,-0.0884,-0.0417,-1.1707,-2.792,-2.784,-4.451,-3.1937,-11.9719,-56.9573,,,,,,,
394,SFC AU Equity,SCHAFFER CORP LTD,AUD,25.505,29.153,23.636,10.137,11.445,13.506,19.252,25.55,14.35,15.325,15.419,14.215,15.053,11.123,13.184,14.842,35.674,40.556,41.027,65.823,41.773,24.668,,,,,,,
395,ECF AU Equity,ELANOR COMMERCIAL PROPERTY F,AUD,#N/A,#N/A,#N/A,#N/A,#N/A,#N/A,#N/A,#N/A,#N/A,#N/A,#N/A,#N/A,#N/A,#N/A,#N/A,#N/A,#N/A,13.994,-2.301,31.255,43.948,-32.176,,,,,,,
396,CRD AU Equity,CONRAD ASIA ENERGY LTD-CDI,AUD,#N/A,#N/A,#N/A,#N/A,#N/A,#N/A,#N/A,#N/A,#N/A,#N/A,#N/A,#N/A,#N/A,#N/A,#N/A,#N/A,#N/A,-1.7778,-11.1101,-12.8102,-23.6751,#N/A,,,,,,,
397,AGY AU Equity,ARGOSY MINERALS LTD,AUD,#N/A,#N/A,#N/A,#N/A,#N/A,#N/A,#N/A,#N/A,-1.0948,-1.2847,-0.9657,-1.6419,0.1173,-0.2911,-0.6715,-5.7088,-0.4403,-1.6823,-1.4139,-1.3483,-3.6649,#N/A,,,,,,,
398,GLN AU Equity,GALAN LITHIUM LTD,AUD,#N/A,#N/A,#N/A,#N/A,#N/A,#N/A,#N/A,#N/A,#N/A,#N/A,-0.5166,-0.5308,-0.4694,-0.3845,-0.4644,-0.2286,-0.5248,-3.5373,-2.2531,-0.9949,-4.7811,-7.3623,,,,,,,
399,MAY AU Equity,MELBANA ENERGY LTD,AUD,-0.876,-0.928,-0.9031,-1.4756,-1.6622,-3.2182,-2.2157,-31.8503,-5.3991,14.0671,-9.9808,-68.4193,-135.7265,-11.1753,-12.7544,-2.127,-6.344,-2.0765,-2.1088,-1.3687,7.136,-1.5562,,,,,,,
400,GNX AU Equity,GENEX POWER LTD,AUD,#N/A,#N/A,#N/A,#N/A,#N/A,#N/A,#N/A,#N/A,#N/A,#N/A,#N/A,-0.0002,-0.5395,-3.0533,-7.5854,-7.1207,-4.7397,-0.7811,-6.241,-13.0689,3.6733,1.6906,,,,,,,
401,BDM AU Equity,BURGUNDY DIAMOND MINES LTD,AUD,#N/A,#N/A,#N/A,#N/A,#N/A,#N/A,#N/A,#N/A,#N/A,#N/A,#N/A,#N/A,-1.6076,-1.2633,1.7535,-1.4827,-4.7933,-1.3863,-3.2817,-12.1312,-16.4766,-24.771,,,,,,,
402,OPT AU Equity,OPTHEA LTD,AUD,-6.5601,-4.465,-2.5989,-3.1236,-4.7776,12.556,-8.575,-11.3538,-7.3533,-11.472,-8.5094,-7.3521,-6.5683,-8.7858,-8.4679,-9.8223,-29.7646,-35.9096,-24.711,-52.6315,-133.1163,-203.0428,,,,,,,
403,GDF AU Equity,GARDA PROPERTY GROUP,AUD,#N/A,#N/A,#N/A,#N/A,#N/A,#N/A,#N/A,#N/A,#N/A,#N/A,13.918,11.193,11.289,10.479,10.619,12.651,11.537,23.02,18.14,40.238,20.419,18.639,,,,,,,
404,SXL AU Equity,SOUTHERN CROSS MEDIA GROUP L,AUD,#N/A,#N/A,#N/A,#N/A,40.173,36.567,90.878,94.585,58.968,137.38,195.83,185.183,-240.262,-226.865,138.586,146.013,21.861,-110.863,64.871,92.46,-198.75,43.356,,,,,,,
405,ORR AU Equity,ORECORP LTD,AUD,#N/A,#N/A,#N/A,#N/A,#N/A,#N/A,#N/A,#N/A,#N/A,-0.0527,-3.3174,-5.1421,-2.1966,-1.2858,-3.8396,-15.3991,-7.8953,-7.0602,-5.1661,-8.1927,-22.4615,-20.3709,,,,,,,
406,ALG AU Equity,ARDENT LEISURE GROUP LTD,AUD,#N/A,#N/A,#N/A,#N/A,#N/A,#N/A,#N/A,#N/A,#N/A,50.858,28.082,50.409,63.681,41.076,49.688,-106.499,-138.188,-40.049,-68.81,-18.469,-30.87,-12.831,,,,,,,
407,ADH AU Equity,ADAIRS LTD,AUD,#N/A,#N/A,#N/A,#N/A,#N/A,#N/A,#N/A,#N/A,#N/A,#N/A,6.931,12.272,21.83,18.439,40.748,30.812,45.261,43.446,58.951,102.716,72.934,67.475,,,,,,,
408,URF AU Equity,US MASTERS RESIDENTIAL PROPE,AUD,#N/A,#N/A,#N/A,#N/A,#N/A,#N/A,#N/A,#N/A,#N/A,#N/A,-5.2476,-8.3143,-15.3964,-22.0212,-23.8542,-14.2588,-3.9611,7.65,13.373,10.7561,13.0469,#N/A,,,,,,,
409,QGL AU Equity,QUANTUM GRAPHITE LTD,AUD,#N/A,#N/A,#N/A,#N/A,#N/A,#N/A,#N/A,#N/A,#N/A,-0.6466,-0.1853,-0.1685,-2.2468,-10.073,-7.1047,-1.3178,-2.0196,-3.4276,-0.9608,-2.0686,-2.2235,-5.1197,,,,,,,
410,ASN AU Equity,ANSON RESOURCES LTD,AUD,#N/A,#N/A,#N/A,#N/A,#N/A,#N/A,#N/A,#N/A,-2.5233,-1.1856,-0.8786,-0.7926,-0.7185,-0.665,-1.2168,-1.782,-4.3603,-6.1896,-3.5071,-4.3759,-3.18,-11.4444,,,,,,,
411,DUG AU Equity,DUG TECHNOLOGY LTD,AUD,#N/A,#N/A,#N/A,#N/A,#N/A,#N/A,#N/A,#N/A,#N/A,#N/A,#N/A,#N/A,#N/A,#N/A,#N/A,#N/A,-0.7176,3.5528,-0.0716,-11.8573,-6.729,12.8534,,,,,,,
412,QOR AU Equity,QORIA LTD,AUD,#N/A,#N/A,#N/A,#N/A,#N/A,#N/A,#N/A,#N/A,#N/A,#N/A,#N/A,#N/A,-0.1719,-0.5684,-2.8958,-8.8091,-18.1713,-14.3009,-17.3151,-21.8334,-63.3356,-85.7003,,,,,,,
413,SXE AU Equity,SOUTHERN CROSS ELECTRICAL,AUD,#N/A,#N/A,#N/A,1.9349,7.6954,15.2752,15.076,25.782,13.7248,-1.1114,19.153,24.864,10.797,-8.202,6.841,0.044,14.22,19.353,16.418,22.287,26.688,29.551,,,,,,,
414,PYC AU Equity,PYC THERAPEUTICS LTD,AUD,#N/A,#N/A,#N/A,-1.7364,-4.043,-4.0903,-4.7902,-3.7026,-4.6645,-3.7177,-4.0661,-5.3926,-5.1769,-5.049,-6.2257,-4.2541,-9.7681,-7.1021,-9.7019,-21.8328,-30.3286,-39.2372,,,,,,,
415,HUM AU Equity,HUMM GROUP LTD,AUD,#N/A,#N/A,#N/A,#N/A,#N/A,36.902,47.274,47.21,56.429,69.79,82.57,95.068,85,112.9,69.7,122.2,15.5,89.6,26.6,81.9,-183.8,0.8,,,,,,,
416,CAJ AU Equity,CAPITOL HEALTH LTD,AUD,#N/A,#N/A,#N/A,#N/A,-0.1984,-0.9312,0.4362,-1.1704,1.0837,2.0104,3.4872,5.6781,10.8739,8.7504,5.203,4.746,-4.607,29.825,5.661,24.701,17.073,-5.549,,,,,,,
417,SEE LN Equity,SEEING MACHINES LTD,AUD,#N/A,#N/A,#N/A,#N/A,-0.0692,-0.467,0.0933,-0.5651,-4.804,-1.7329,-1.7667,0.5617,-2.8174,-13.3892,-2.7873,-27.8925,-38.8097,-42.095,-45.206,-16.07,-19.519,-14.615,,,,,,,
418,IREN US Equity,IRIS ENERGY LTD,AUD,#N/A,#N/A,#N/A,#N/A,#N/A,#N/A,#N/A,#N/A,#N/A,#N/A,#N/A,#N/A,#N/A,#N/A,#N/A,#N/A,#N/A,#N/A,-2.5,-0.7023,0.4233,-228.7457,,,,,,,
419,TRJ AU Equity,TRAJAN GROUP HOLDINGS LTD,AUD,#N/A,#N/A,#N/A,#N/A,#N/A,#N/A,#N/A,#N/A,#N/A,#N/A,#N/A,#N/A,#N/A,#N/A,#N/A,#N/A,2.141,3.586,3.647,2.426,3.515,9.477,,,,,,,
420,BOT AU Equity,BOTANIX PHARMACEUTICALS LTD,AUD,-1.611,-1.4979,-0.885,-3.6938,-3.1671,-3.7169,-3.1725,-3.1391,-2.0718,-1.5115,-1.4955,-1.6638,-0.5591,-0.5554,-1.7079,-4.8062,-11.1629,-17.1594,-16.6952,-3.3801,-13.1862,-9.1263,,,,,,,
421,TRS AU Equity,REJECT SHOP LTD/THE,AUD,5.4727,6.718,7.941,10.647,13.349,18.167,24.601,28.241,32.543,25.621,34.159,29.438,22.137,17.717,25.378,16.868,19.756,-23.335,9.317,18.552,17.628,20.839,,,,,,,
422,GNP AU Equity,GENUSPLUS GROUP LTD,AUD,#N/A,#N/A,#N/A,#N/A,#N/A,#N/A,#N/A,#N/A,#N/A,#N/A,#N/A,#N/A,#N/A,#N/A,#N/A,#N/A,8.278,9.426,15.129,19.3975,21.0891,18.4529,,,,,,,
423,PBP AU Equity,PROBIOTEC LTD,AUD,#N/A,#N/A,#N/A,-1.8878,4.5053,7.9327,10.5727,14.1307,12.9434,0.6525,4.806,3.1728,2.0717,0.6404,3.6735,4.4286,4.637,6.4245,11.143,11.1093,22.3938,21.4122,,,,,,,
424,WOT AU Equity,WOTSO PROPERTY,AUD,#N/A,#N/A,#N/A,#N/A,#N/A,#N/A,#N/A,-26.405,-4.34,7.764,-8.224,8.68,6.723,8.24,13.112,19.73,27.162,17.628,25.827,14.141,40.105,2.195,,,,,,,
425,AGE AU Equity,ALLIGATOR ENERGY LTD,AUD,#N/A,#N/A,#N/A,#N/A,#N/A,#N/A,#N/A,#N/A,-0.3526,-1.9149,-1.7748,-1.6167,-0.9897,-0.9109,-9.7115,-2.0895,-1.0957,-6.7308,-0.9913,-0.9945,-2.2791,-3.4839,,,,,,,
426,ATA AU Equity,ATTURRA LTD,AUD,#N/A,#N/A,#N/A,#N/A,#N/A,#N/A,#N/A,#N/A,#N/A,#N/A,#N/A,#N/A,#N/A,#N/A,#N/A,#N/A,#N/A,0.1981,3.2846,9.5171,12.259,16.967,,,,,,,
427,4DS AU Equity,4DS MEMORY LTD,AUD,#N/A,#N/A,#N/A,#N/A,#N/A,#N/A,#N/A,#N/A,#N/A,#N/A,-1.3408,-0.5601,-2.3841,-4.3985,-11.6976,-2.563,-5.1891,-5.8215,-5.4817,-6.5458,-6.6313,-5.7545,,,,,,,
428,VIT AU Equity,VITURA HEALTH LTD,AUD,#N/A,#N/A,#N/A,#N/A,#N/A,#N/A,#N/A,#N/A,#N/A,#N/A,#N/A,#N/A,#N/A,#N/A,#N/A,#N/A,-0.2557,-2.8909,-4.1246,1.6994,9.922,19.8638,,,,,,,
429,NTU AU Equity,NORTHERN MINERALS LTD,AUD,#N/A,#N/A,#N/A,#N/A,#N/A,-2.2588,-4.2921,-3.6644,-4.4949,-6.7143,-11.0893,-20.2576,-26.6571,-15.1428,-6.0505,-12.654,-17.9691,-55.3201,-51.499,-8.3298,-24.201,-21.206,,,,,,,
430,PSQ AU Equity,PACIFIC SMILES GROUP LTD,AUD,#N/A,#N/A,#N/A,#N/A,#N/A,#N/A,#N/A,#N/A,#N/A,#N/A,6.9128,9.3198,11.2993,12.16,14.275,14.51,10.606,12.901,12.826,22.315,-2.716,8.266,,,,,,,
431,A2B AU Equity,A2B AUSTRALIA LTD,AUD,21.2738,25.991,30.053,36.456,49.862,62.323,73.529,75.019,68.152,55.762,64.565,66.612,60.868,51.853,27.057,25.97,4.397,17.769,-24.625,-24.54,-38.5,31.762,,,,,,,
432,CYC AU Equity,CYCLOPHARM LTD,AUD,#N/A,#N/A,#N/A,#N/A,2.6153,1.5119,2.1011,2.2226,1.2491,-0.0576,-0.4477,-9.8981,3.5002,4.2001,1.4095,0.6694,-0.3232,-2.3246,-4.9878,-4.003,-5.7491,#N/A,,,,,,,
433,KPG AU Equity,KELLY PARTNERS GROUP HOLDING,AUD,#N/A,#N/A,#N/A,#N/A,#N/A,#N/A,#N/A,#N/A,#N/A,#N/A,#N/A,#N/A,3.1244,5.6175,5.372,2.0786,12.5164,8.9159,13.3685,14.46,18.4595,16.642,,,,,,,
434,LIN AU Equity,LINDIAN RESOURCES LTD,AUD,-0.822,-0.75,-0.7782,-0.5615,-0.2361,-2.0928,-0.8804,-1.3147,-1.0264,-1.4061,-3.5799,-1.1209,-0.8983,-0.4298,-0.285,-1.0025,-3.2359,-0.7401,-1.0142,-0.3541,-0.3449,-5.1003,,,,,,,
435,AEE AU Equity,AURA ENERGY LTD,AUD,#N/A,#N/A,#N/A,#N/A,-0.2808,-1.0759,-1.2487,-2.0107,-1.7705,-2.5155,-2.5945,-3.8585,-4.2664,-2.4525,-1.7711,-3.5215,-1.9038,-2.8291,-4.9502,-2.7627,-3.1298,-6.184,,,,,,,
436,LGI AU Equity,LGI LTD/AUSTRALIA,AUD,#N/A,#N/A,#N/A,#N/A,#N/A,#N/A,#N/A,#N/A,#N/A,#N/A,#N/A,#N/A,#N/A,2.539,2.974,7.718,8.717,8.717,8.717,8.717,8.717,8.717,,,,,,,
437,BRI AU Equity,BIG RIVER INDUSTRIES LTD,AUD,#N/A,#N/A,#N/A,#N/A,#N/A,#N/A,#N/A,#N/A,#N/A,#N/A,#N/A,#N/A,#N/A,18.3271,1.4548,6.1752,8.1801,6.5115,8.5868,2.3788,34.58,36.548,,,,,,,
438,PLY AU Equity,PLAYSIDE STUDIOS LTD,AUD,#N/A,#N/A,#N/A,#N/A,#N/A,#N/A,#N/A,#N/A,#N/A,#N/A,#N/A,#N/A,#N/A,#N/A,#N/A,#N/A,#N/A,0.2908,0.7904,-5.748,4.864,-7.752,,,,,,,
439,ENN AU Equity,ELANOR INVESTOR GROUP,AUD,#N/A,#N/A,#N/A,#N/A,#N/A,#N/A,#N/A,#N/A,#N/A,#N/A,#N/A,#N/A,#N/A,4.463,6.03,10.881,-6.537,17.624,-20.428,2.371,-17.445,-26.133,,,,,,,
440,NXD AU Equity,NEXTED GROUP LTD,AUD,#N/A,#N/A,#N/A,#N/A,#N/A,-4.045,-2.3806,-1.6162,-4.3355,-2.0434,-1.5026,-0.18,-0.7069,-2.4057,-1.699,-2.2138,-3.8051,-1.9288,-3.0626,-0.3852,-7.43,4.688,,,,,,,
441,FRI AU Equity,FINBAR GROUP LTD,AUD,1.683,1.318,0.3468,0.444,1.3164,-1.2677,11.9155,14.4644,24.0541,26.2356,37.9485,43.1818,59.4482,16.6293,5.4858,10.3035,14.1653,14.4114,9.876,10.3,15.125,4.462,,,,,,,
442,SLA AU Equity,SILK LASER AUSTRALIA LTD,AUD,#N/A,#N/A,#N/A,#N/A,#N/A,#N/A,#N/A,#N/A,#N/A,#N/A,#N/A,#N/A,#N/A,#N/A,#N/A,#N/A,-1.447,-5.246,-2.164,1.786,-4.293,-8.324,,,,,,,
443,CII AU Equity,CI RESOURCES LTD,AUD,-0.219,-0.2463,-0.2463,-0.3357,0.0656,0.0656,-3.496,6.35,13.663,34.04,34.684,26.018,41.667,45.618,27.246,28.711,14.881,2.484,4.732,5.532,52.023,#N/A,,,,,,,
444,FID AU Equity,FIDUCIAN GROUP LTD,AUD,#N/A,#N/A,#N/A,#N/A,#N/A,#N/A,#N/A,#N/A,#N/A,#N/A,#N/A,#N/A,#N/A,6.643,8.376,10.936,13.437,14.279,14.937,16.933,19.064,17.668,,,,,,,
445,NPR AU Equity,NEWMARK PROPERTY REIT,AUD,#N/A,#N/A,#N/A,#N/A,#N/A,#N/A,#N/A,#N/A,#N/A,#N/A,#N/A,#N/A,#N/A,#N/A,#N/A,#N/A,#N/A,#N/A,#N/A,#N/A,13.9665,18.781,,,,,,,
446,WGN AU Equity,WAGNERS HOLDING CO LTD,AUD,#N/A,#N/A,#N/A,#N/A,#N/A,#N/A,#N/A,#N/A,#N/A,#N/A,#N/A,#N/A,#N/A,18.7588,26.0237,36.107,37.331,24.28,7.66,24.393,19.861,15.399,,,,,,,
447,4DX AU Equity,4DMEDICAL LTD,AUD,#N/A,#N/A,#N/A,#N/A,#N/A,#N/A,#N/A,#N/A,#N/A,#N/A,#N/A,#N/A,#N/A,#N/A,#N/A,-3.9872,-3.9322,-6.16,-13.8784,-18.7885,-24.434,-31.418,,,,,,,
448,FDV AU Equity,FRONTIER DIGITAL VENTURES LT,AUD,#N/A,#N/A,#N/A,#N/A,#N/A,#N/A,#N/A,#N/A,#N/A,#N/A,#N/A,#N/A,0.011,0.0312,-5.7625,-7.5952,-8.8754,-7.752,-9.4139,-17.7292,-15.5364,#N/A,,,,,,,
449,PAR AU Equity,PARADIGM BIOPHARMACEUTICALS,AUD,#N/A,#N/A,#N/A,#N/A,#N/A,#N/A,#N/A,#N/A,#N/A,#N/A,#N/A,#N/A,-0.0386,-1.5726,-3.028,-4.3011,-6.2441,-15.8893,-13.2624,-34.4686,-39.2727,-53.2962,,,,,,,
450,DSE AU Equity,DROPSUITE LTD,AUD,-1.9139,-5.3521,-2.5145,-6.4263,-3.6848,-1.2924,-1.6912,-1.3266,-7.151,-1.7517,-1.4374,-3.0864,-1.034,-0.6768,-7.3513,-2.1759,-1.4569,-3.1804,-2.1625,-0.0312,1.45,#N/A,,,,,,,
451,STK AU Equity,STRICKLAND METALS LTD,AUD,#N/A,#N/A,#N/A,#N/A,-0.2875,-0.979,-4.9485,-0.7457,-0.4895,-0.4791,-1.0213,-1.0556,-0.5785,-2.9288,-0.5541,-0.7827,-0.1725,-1.8426,-0.6932,-3.8632,-4.2045,-2.4185,,,,,,,
452,AUT AU Equity,AUTECO MINERALS LTD,AUD,#N/A,#N/A,#N/A,-0.0136,-0.6484,-1.2745,-1.7225,-1.5132,-3.2052,-0.8211,-1.7465,0.0464,-6.9283,-7.1536,-0.6136,-1.5722,-1.3987,-0.9329,-7.6501,-3.457,-3.454,-3.6251,,,,,,,
453,M7T AU Equity,MACH7 TECHNOLOGIES LTD,AUD,#N/A,#N/A,#N/A,-0.196,-1.695,-1.762,-1.6656,-1.1664,-0.8332,0.4583,-0.4956,-0.9518,-0.3048,-6.9321,-6.2425,-10.542,-7.3416,-7.8051,-0.8412,-10.5167,-7.0326,-7.3621,,,,,,,
454,BTH AU Equity,BIGTINCAN HOLDINGS LTD,AUD,#N/A,#N/A,#N/A,#N/A,#N/A,#N/A,#N/A,#N/A,#N/A,#N/A,#N/A,#N/A,-5.4712,-10.8767,-5.0565,-5.303,-7.076,-4.075,-12.164,-13.261,-31.499,-31.336,,,,,,,
455,TBR AU Equity,TRIBUNE RESOURCES LTD,AUD,0.506,6.681,10.0002,0.1911,11.4034,12.8167,12.1193,12.4137,23.7678,18.3627,20.2901,44.6567,9.8952,20.0383,57.9437,63.8965,79.8621,136.2044,76.5193,93.2761,13.951,9.4253,,,,,,,
456,COI AU Equity,COMET RIDGE LTD,AUD,#N/A,#N/A,-0.4486,-1.0455,-1.5781,-1.9852,-2.1524,-21.6061,-6.0508,-3.1788,-2.2293,-8.6269,-12.3709,-19.202,-3.703,-3.631,-2.319,-4.268,-10.465,-6.962,-7.523,-3.796,,,,,,,
457,HE8 AU Equity,HELIOS ENERGY LTD,AUD,#N/A,#N/A,#N/A,#N/A,#N/A,#N/A,#N/A,#N/A,#N/A,-0.173,-0.5332,-1.862,-22.7832,-0.2934,-0.1886,0.9798,-2.2863,-2.9788,-8.7653,-3.5084,-4.8929,-7.7126,,,,,,,
458,PNR AU Equity,PANTORO LTD,AUD,-0.549,-20.063,-0.7865,-1.4293,-1.4966,-1.3903,-2.4553,-2.372,-0.519,-7.0268,-2.9783,-3.2935,-9.4336,-3.804,-0.4782,0.6315,13.5277,0.7877,-27.3719,13.269,-5.8967,-70.2346,,,,,,,
459,AOF AU Equity,AUSTRALIAN UNITY OFFICE FUND,AUD,#N/A,#N/A,#N/A,#N/A,#N/A,#N/A,#N/A,#N/A,#N/A,#N/A,#N/A,-1.008,8.174,24,17.64,24.874,30.783,34.215,27,28.921,24.852,13.047,,,,,,,
460,DRO AU Equity,DRONESHIELD LTD,AUD,#N/A,#N/A,#N/A,#N/A,#N/A,#N/A,#N/A,#N/A,#N/A,#N/A,#N/A,#N/A,#N/A,#N/A,-5.0259,-5.8016,-6.9657,-8.5055,-6.7849,-6.6066,-3.1691,#N/A,,,,,,,
461,LM8 AU Equity,LUNNON METALS LTD,AUD,#N/A,#N/A,#N/A,#N/A,#N/A,#N/A,#N/A,#N/A,#N/A,#N/A,#N/A,#N/A,#N/A,#N/A,#N/A,#N/A,#N/A,-1.1399,-1.5259,-2.5459,-6.8158,-18.4919,,,,,,,
462,EXP AU Equity,EXPERIENCE CO LTD,AUD,#N/A,#N/A,#N/A,#N/A,#N/A,#N/A,#N/A,#N/A,#N/A,#N/A,#N/A,2.556,3.548,4.565,9.718,14.653,12.038,-57.219,-40.389,-1.72,-16.726,0.952,,,,,,,
463,SXG AU Equity,SOUTHERN CROSS GOLD LTD,AUD,#N/A,#N/A,#N/A,#N/A,#N/A,#N/A,#N/A,#N/A,#N/A,#N/A,#N/A,#N/A,#N/A,#N/A,#N/A,#N/A,#N/A,#N/A,#N/A,#N/A,-3.3768,#N/A,,,,,,,
464,RCT AU Equity,REEF CASINO TRUST,AUD,10.275,12.67,11.86,12.735,7.459,-10.399,14.456,13.544,8.386,12.35,11.457,14.352,12.259,15.02,12.01,11.528,10.265,6.846,4.515,14.765,17.99,#N/A,,,,,,,
465,AMI AU Equity,AURELIA METALS LTD,AUD,#N/A,#N/A,#N/A,#N/A,#N/A,-0.9174,-1.3604,-2.7029,-1.5238,-3.4727,-3.3103,-3.7872,-4.2924,-22.579,17.469,27.045,100.111,51.09,46.782,77.142,-107.031,-69.173,,,,,,,
466,FEX AU Equity,FENIX RESOURCES LTD,AUD,#N/A,#N/A,#N/A,#N/A,#N/A,#N/A,-0.386,-0.8526,-2.0879,-2.0688,-1.2912,-1.6046,-0.4693,-3.421,-1.9211,-0.5934,-0.9423,-2.6102,-1.3464,61.8349,68.479,34.5728,,,,,,,
467,BSE AU Equity,BASE RESOURCES LTD,AUD,#N/A,#N/A,#N/A,#N/A,#N/A,#N/A,#N/A,-1.3583,-1.7562,-3.5974,-5.7396,-7.6745,-9.561,13.346,13.377,60.059,79.8248,85.9422,76.8255,47.0893,162.6921,48.5931,,,,,,,
468,FWD AU Equity,FLEETWOOD LTD,AUD,12.805,18.682,38.198,27.528,30.049,40.031,50.197,51.71,54.732,74.589,78.815,24.265,5.482,4.778,-12.703,22.616,18.589,22.228,4.27,22.461,-53.278,4.205,,,,,,,
469,GDC AU Equity,GLOBAL DATA CENTRE GROUP,AUD,#N/A,#N/A,#N/A,#N/A,#N/A,#N/A,#N/A,#N/A,#N/A,#N/A,#N/A,#N/A,#N/A,#N/A,#N/A,#N/A,#N/A,#N/A,0.607,0.757,-0.712,-3.344,,,,,,,
470,PPE AU Equity,PEOPLEIN LTD,AUD,#N/A,#N/A,#N/A,#N/A,#N/A,#N/A,#N/A,#N/A,#N/A,#N/A,#N/A,#N/A,#N/A,#N/A,#N/A,#N/A,8.6211,14.6468,24.2035,28.2959,28.9111,36.1806,,,,,,,
471,RBL AU Equity,REDBUBBLE LTD,AUD,#N/A,#N/A,#N/A,#N/A,#N/A,#N/A,#N/A,#N/A,#N/A,#N/A,#N/A,-0.2657,1.194,-7.974,-14.249,-14.055,-14.866,-11.18,-6.498,42.752,-21.207,-48.156,,,,,,,
472,CYL AU Equity,CATALYST METALS LTD,AUD,#N/A,#N/A,#N/A,#N/A,#N/A,-0.3405,-0.294,-1.6021,-0.2937,-1.3903,-3.6054,-1.0633,-1.056,-0.2602,-1.1166,-1.1384,-4.2885,-1.7513,-1.8447,0.8462,2.033,-15.207,,,,,,,
473,ANG AU Equity,AUSTIN ENGINEERING LTD,AUD,#N/A,#N/A,0.8576,1.9855,2.6359,7.3147,17.05,21.813,26.453,31.489,43.786,41.87,4.174,-44.863,-30.754,-9.577,1.477,8.36,17.025,7.959,23.479,15.15,,,,,,,
474,IOD AU Equity,IODM LTD,AUD,#N/A,#N/A,-0.5576,-0.9822,-0.5939,-1.0844,-0.7078,-1.7767,-0.5545,-0.5912,-0.5481,-0.8402,-1.1032,-2.7122,-3.1527,-1.8224,-0.8231,-1.1072,-2.4105,-2.1976,-2.3766,-2.3853,,,,,,,
475,PEN AU Equity,PENINSULA ENERGY LTD,AUD,-1.739,-1.618,-1.065,-0.5199,-0.5295,-1.1362,-3.1777,-2.9273,-3.9194,-7.8342,-8.125,-13.3253,-6.563,-6.4802,-5.5907,-94.7515,11.783,-52.3979,-3.8127,-1.1874,-9.4261,-7.15,,,,,,,
476,NOL AU Equity,NOBLEOAK LIFE LTD,AUD,#N/A,#N/A,#N/A,#N/A,#N/A,#N/A,#N/A,#N/A,#N/A,#N/A,#N/A,#N/A,#N/A,#N/A,#N/A,#N/A,4.3002,7.7243,10.747,7.276,2.648,11.625,,,,,,,
477,CAA AU Equity,CAPRAL LTD,AUD,6.829,-9.058,-30.836,-69.368,-73.717,-24.806,-39.545,-18.309,7.107,-6.52,-10.419,-49.835,4.564,-1.171,15.172,13.042,6.744,1.111,27.865,39.073,38.707,#N/A,,,,,,,
478,CLV AU Equity,CLOVER CORP LTD,AUD,-4.09,0.002,1.004,-0.176,0.063,0.702,2.004,3.58,4.117,4.117,6.064,8.3,1.114,-0.072,3.032,5.488,9.951,13.26,18.284,8.576,10.295,9.091,,,,,,,
479,COS AU Equity,COSOL LTD,AUD,#N/A,#N/A,#N/A,#N/A,#N/A,#N/A,#N/A,#N/A,#N/A,#N/A,#N/A,#N/A,#N/A,#N/A,#N/A,#N/A,#N/A,#N/A,1.9599,5.5251,8.0578,11.0849,,,,,,,
480,WAT AU Equity,WATERCO LTD,AUD,3.029,6.6788,7.8513,8.062,5.8789,2.3417,4.7777,4.9606,6.4796,6.0025,4.3584,4.345,3.308,3.118,4.95,4.942,6.699,4.416,4.863,9.428,15.174,14.5,,,,,,,
481,MTO AU Equity,MOTORCYCLE HOLDINGS LTD,AUD,#N/A,#N/A,#N/A,#N/A,#N/A,#N/A,#N/A,#N/A,#N/A,#N/A,#N/A,6.9956,8.0449,8.786,10.504,14.465,16.279,15.003,1.453,42.005,34.754,38.88,,,,,,,
482,RAC AU Equity,RACE ONCOLOGY LTD,AUD,#N/A,#N/A,#N/A,#N/A,#N/A,#N/A,#N/A,#N/A,#N/A,#N/A,#N/A,-0.0131,-0.0952,-0.0877,-0.3336,-4.1968,-6.3281,-3.6768,-3.8553,-6.3592,-11.2559,-10.5153,,,,,,,
483,SLH AU Equity,SILK LOGISTICS HOLDINGS LTD,AUD,#N/A,#N/A,#N/A,#N/A,#N/A,#N/A,#N/A,#N/A,#N/A,#N/A,#N/A,#N/A,#N/A,#N/A,#N/A,#N/A,#N/A,#N/A,#N/A,20.494,23.736,34.624,,,,,,,
484,CLG AU Equity,CLOSE THE LOOP LTD,AUD,#N/A,#N/A,#N/A,#N/A,#N/A,#N/A,#N/A,#N/A,#N/A,#N/A,#N/A,#N/A,-8.5643,1.4465,8.0552,3.733,17.362,17.362,17.362,17.362,17.362,17.362,,,,,,,
485,CHL AU Equity,CAMPLIFY HOLDINGS LTD,AUD,#N/A,#N/A,#N/A,#N/A,#N/A,#N/A,#N/A,#N/A,#N/A,#N/A,#N/A,#N/A,#N/A,#N/A,#N/A,#N/A,#N/A,-1.4577,-2.0622,-2.2481,-7.5825,-4.0236,,,,,,,
486,APX AU Equity,APPEN LTD,AUD,#N/A,#N/A,#N/A,#N/A,#N/A,#N/A,#N/A,#N/A,#N/A,#N/A,2.8,6.598,4.457,12.753,16.329,19.409,59.255,58.781,60.0055,51.1749,-340.0083,#N/A,,,,,,,
487,LIS AU Equity,LI-S ENERGY LTD,AUD,#N/A,#N/A,#N/A,#N/A,#N/A,#N/A,#N/A,#N/A,#N/A,#N/A,#N/A,#N/A,#N/A,#N/A,#N/A,#N/A,#N/A,#N/A,-0.0261,-2.2822,-6.3057,-4.5571,,,,,,,
488,EZL AU Equity,EUROZ HARTLEYS GROUP LTD,AUD,1.844,1.074,9.0018,13.1819,24.1074,12.7487,65.0034,15.4237,24.5332,26.6145,18.0129,14.571,35.784,-12.2189,2.0886,24.1336,42.9104,-0.4849,5.9922,56.8003,42.2585,13.7913,,,,,,,
489,STA AU Equity,STRANDLINE RESOURCES LTD,AUD,-0.602,-0.356,-0.609,-0.5716,-1.6198,-1.5201,-1.0024,-1.0461,-0.8531,-1.8543,-1.3892,-7.5891,-1.0237,-21.9417,-3.2614,-5.156,-4.7137,-7.0724,-8.1915,-12.0402,-5.8867,-9.1013,,,,,,,
490,A1M AU Equity,AIC MINES LTD,AUD,-0.395,-3.158,-4.9875,-2.448,3.89,-8.8356,-18.0507,-23.6791,-30.05,-37.979,-73.2647,-28.7141,124.725,-18.452,-5.043,-29.274,-1.076,-9.995,-5.733,23.65,-7.233,#N/A,,,,,,,
491,EGG AU Equity,ENERO GROUP LTD,AUD,0.7759,1.106,2.9647,15.614,21.988,33.412,59.868,65.622,-63.0401,-46.226,-85.314,-79.857,1.364,0.694,10.16,3.51,10.925,11.057,18.775,19.58,57.531,100.069,,,,,,,
492,ENR AU Equity,ENCOUNTER RESOURCES LTD,AUD,#N/A,#N/A,#N/A,-0.0713,-0.6012,-0.868,-1.2626,-2.9856,-1.9628,-6.0664,-2.3632,-3.3107,-2.1997,-1.2917,-6.9498,-2.3102,-11.1581,-2.0817,-2.1375,-2.6899,-6.6052,-2.6042,,,,,,,
493,SHA AU Equity,SHAPE AUSTRALIA PTY LTD,AUD,#N/A,#N/A,#N/A,#N/A,#N/A,#N/A,#N/A,#N/A,#N/A,#N/A,#N/A,#N/A,13.343,17.781,21.518,17.914,10.94,16.911,16.911,16.911,16.911,16.911,,,,,,,
494,ESS AU Equity,ESSENTIAL METALS LTD,AUD,#N/A,-0.008,-0.4436,-0.9281,-0.8887,-1.2433,-3.4298,-5.3249,-2.4371,-4.7096,5.3753,-2.4729,-4.172,-2.4978,-2.0651,-3.3002,-3.5903,0.4298,1.125,-1.39,-1.426,-1.684,,,,,,,
495,SSG AU Equity,SHAVER SHOP GROUP LTD,AUD,#N/A,#N/A,#N/A,#N/A,#N/A,#N/A,#N/A,#N/A,#N/A,#N/A,#N/A,3.764,5.084,7.0564,6.5253,13.4618,10.1183,10.2132,16.8379,26.3577,25.8857,25.7696,,,,,,,
496,EGH AU Equity,EUREKA GROUP HOLDINGS LTD,AUD,#N/A,-0.306,-1.0358,-0.289,2.4342,3.6716,-30.1581,-8.1235,-0.4091,-0.7816,1.9859,1.0515,1.568,4.633,13.619,8.972,2.264,8.791,9.567,9.785,11.068,7.155,,,,,,,
497,HFR AU Equity,HIGHFIELD RESOURCES LTD,AUD,#N/A,#N/A,#N/A,#N/A,#N/A,#N/A,#N/A,#N/A,#N/A,#N/A,-0.4904,-3.6157,-5.7965,-8.5791,-14.125,-4.2245,-7.3603,-7.3329,-24.9468,-6.381,-5.686,#N/A,,,,,,,
498,EOL AU Equity,ENERGY ONE LTD,AUD,#N/A,#N/A,#N/A,#N/A,#N/A,-1.3134,-1.2083,-0.7245,-0.3639,-1.1815,-1.5181,-0.2107,-0.2688,0.7742,0.8156,0.6812,1.7282,2.2009,2.57,5.213,4.824,5.86,,,,,,,
499,XRF AU Equity,XRF SCIENTIFIC LTD,AUD,#N/A,#N/A,#N/A,#N/A,0.7168,0.6424,1.388,2.0755,1.014,4.521,4.7366,4.8394,3.4088,3.7208,2.266,1.051,1.5983,3.2498,4.6023,6.8181,8.2598,11.9248,,,,,,,
500,VVA AU Equity,VIVA LEISURE LTD,AUD,#N/A,#N/A,#N/A,#N/A,#N/A,#N/A,#N/A,#N/A,#N/A,#N/A,#N/A,#N/A,#N/A,#N/A,5.1952,6.8184,9.3458,6.3877,1.5176,4.0019,-1.9188,21.3327,,,,,,,
