Num,Ticker,Name,Data FX,FY 2000,FY 2001,FY 2002,FY 2003,FY 2004,FY 2005,FY 2006,FY 2007,FY 2008,FY 2009,FY 2010,FY 2011,FY 2012,FY 2013,FY 2014,FY 2015,FY 2016,FY 2017,FY 2018,FY 2019,FY 2020,FY 2021,,,,,,,
1,BHP AU Equity,BHP GROUP LTD,AUD,20466.2944,19677.1073,30390.0379,26823.8732,32179.0118,35531.4538,43028.4447,60461.6238,66488.7955,68285.6325,59980.1161,72737.3554,70050.7461,64266.2211,61845.0858,53643.7423,39240.5525,47934.2393,55661.2836,61947.0053,64038.8828,#N/A,,,,,,,
2,RIO AU Equity,RIO TINTO LTD,AUD,13564.9501,10950.5126,10362.1962,14184.0857,17599.2426,24977.98,29828.5783,35495.3393,64975.4181,53493.4712,60101.0723,58667.8389,49208.937,53042.4922,52908.3852,46394.0813,45441.9921,52239.5728,54275.2818,62104.9163,#N/A,#N/A,,,,,,,
3,CBA AU Equity,COMMONWEALTH BANK OF AUSTRAL,AUD,11341,16699,15278,15879,18341,22029,25605,30232,35896,37692,39581,44280,45520,41516,40882,41705,41171,40871,40615,39694,35308,#N/A,,,,,,,
4,CSL AU Equity,CSL LTD,AUD,450.598,843.308,1336.412,1300.344,1597.662,2608.965,2848.908,3172.397,3556.662,4806.609,4586.459,4293.214,4582.6,4969.6625,5997.1058,6745.0072,8400.1733,9215.4189,10215.302,11943.2058,13649.9734,#N/A,,,,,,,
5,WBC AU Equity,WESTPAC BANKING CORP,AUD,12110,13276,11924,13672,16160,18917,21619,25915,33004,35305,39219,42944,42354,38783,38643,39665,37629,37501,38304,37211,#N/A,#N/A,,,,,,,
6,NAB AU Equity,NATIONAL AUSTRALIA BANK LTD,AUD,24013,26166,21523,25544,24472,28434,31827,37269,41424,35863,34576,38079,39015,36141,35860,34322,32821,32245,34139,33576,#N/A,#N/A,,,,,,,
7,ANZ AU Equity,AUST AND NZ BANKING GROUP,AUD,12808,12930,11797,12911,17119,21170,25555,30046,36808,29812,31275,35753,36089,34279,35675,37362,36006,34662,36745,36723,#N/A,#N/A,,,,,,,
8,MQG AU Equity,MACQUARIE GROUP LTD,AUD,2084.9099,2503,2626,2986,3789,5666,7052,9735,13528,11718,10827,11801,11328,10343,11526,13112,14548,14262,12568,18529,17805,#N/A,,,,,,,
9,WES AU Equity,WESFARMERS LTD,AUD,3358.4951,4243.2842,7192.5371,7425.8359,7444.313,8101.112,8818.291,9666.35,33431,50836,51678,54730,57936,57621,60171,62420,65850,64830,26755,27894,30836,#N/A,,,,,,,
10,WOW AU Equity,WOOLWORTHS GROUP LTD,AUD,20019.9004,20915.0996,24473,26321.4004,27933.9,31352.5,37734.2,42477.1,47034.8,49697.8,51784.8,52745.7,54916,58674.1,60952.2,59001.3,53663.7,55034,56944,59984,63675,#N/A,,,,,,,
11,TLS AU Equity,TELSTRA CORP LTD,AUD,19343,18679,20196,20495,20737,22161,22712,23673,24657,25507,24917,25093,25368,24474,25320,25528,25911,26013,25848,25259,23710,#N/A,,,,,,,
12,FMG AU Equity,FORTESCUE METALS GROUP LTD,AUD,#N/A,1.371,3.5604,2.5143,1.5888,1.7466,0.8343,0,155.726,2486.8449,3658.0873,5517.7336,6513.732,7912.3272,12805.4912,10304.2711,9729.4372,11205.2171,8888.2019,13938.3559,19123.2088,#N/A,,,,,,,
13,WPL AU Equity,WOODSIDE PETROLEUM LTD,AUD,2395.22,2398.3049,4124.6346,2059.282,2124.841,2746.715,3475.5,4590.4915,7172.3934,4459.8143,4567.6859,4653.7318,6132.039,6142.7334,8253.0598,6700.2277,5481.6648,5187.417,7018.4709,7011.1724,#N/A,#N/A,,,,,,,
14,NCM AU Equity,NEWCREST MINING LTD,AUD,697.487,583.106,479.667,1043.5703,711.389,1310.3902,1393.1,2126.5,2363.1,3441.8211,3183.1563,4159.0855,4416,3775,4040,4331.3031,4526.1183,4612.3523,4597.0343,5234.052,5850.3296,#N/A,,,,,,,
15,ALL AU Equity,ARISTOCRAT LEISURE LTD,AUD,533.471,766.81,969.47,981.284,1132.854,1296.323,1074.534,1121.969,1079.902,908.648,680.51,704.302,704.302,798.046,833.665,1582.4,2128.7,2453.8,3509.5,4397.4,#N/A,#N/A,,,,,,,
16,BXB AU Equity,BRAMBLES LTD,AUD,#N/A,#N/A,#N/A,#N/A,#N/A,#N/A,4713.4166,4927.3046,4872.7669,5465.1898,4710.8895,4737.2206,5455.59,4952.9024,5888.4776,6538.417,6730.9354,6771.0181,5769.2651,6427.5893,7060.9689,#N/A,,,,,,,
17,IAG AU Equity,INSURANCE AUSTRALIA GROUP,AUD,#N/A,3207,3109,5152,6966,7329,7202,7931,8174,8387,7979,8213,8525,9134,9682,11309,8308,8872,8242,7917,7660,#N/A,,,,,,,
18,STO AU Equity,SANTOS LTD,AUD,2585.0423,2823.1125,1478.4,1465,1861.8504,2342.9,2689.1,2938.1058,3306.9643,2181,2228,2721,3223,3602,4037,3252.8739,3489.4327,4045.5327,4902.2144,5802.5976,#N/A,#N/A,,,,,,,
19,QBE AU Equity,QBE INSURANCE GROUP LTD,AUD,2150,5070,6040,6415,7477,8135,9205,11560,12749,14790.1614,13095.1948,15636.8102,16468.9876,16813.2189,16557.181,17288.7186,15889.4293,15802.3729,16323.3024,18193.3665,#N/A,#N/A,,,,,,,
20,SUN AU Equity,SUNCORP GROUP LTD,AUD,#N/A,#N/A,#N/A,#N/A,#N/A,#N/A,#N/A,9142,13883,9398,10978,14247,13198,13445,13656,13204,12486,12670,13052,14384,13553,#N/A,,,,,,,
21,ASX AU Equity,ASX LTD,AUD,185.463,184.246,195.648,195.106,227.88,265.971,291.956,538.073,598.228,543.76,598.665,627.3,620.2,626.9,662.1,703.6,748,767.6,828.3,873.2,949,#N/A,,,,,,,
22,ORG AU Equity,ORIGIN ENERGY LTD,AUD,1496.132,1655.375,2389.178,3326.5491,3521.787,4869.969,5879.756,6227.039,8275,8042,8534,10344,12935,14747,12363,11893,11456,13646,14604,14727,13157,#N/A,,,,,,,
23,RHC AU Equity,RAMSAY HEALTH CARE LTD,AUD,318.163,377.012,538.85,646.252,752.253,1121.067,1928.415,2050.916,2671.708,3222.307,3399.254,3719.691,3956.476,4174.535,4909.314,7355.489,8684.116,8702.506,9176.235,11552.785,12160.3,#N/A,,,,,,,
24,SHL AU Equity,SONIC HEALTHCARE LTD,AUD,384.663,621.531,849.262,964.598,1025.895,1359.902,1626.795,1846.843,2331.425,2983.187,2958.631,3076.583,3320.557,3451.983,3878.282,4166.442,4982.469,5088.946,5507.891,6133.671,6831.843,#N/A,,,,,,,
25,REA AU Equity,REA GROUP LTD,AUD,2.335,3.765,5.6690000000000005,9.1404,18.9969,33.418,60.3916,107.2928,133.562,167.795,194.335,238.401,277.613,336.46,437.459,522.92,579.059,671.206,807.678,874.949,820.269,#N/A,,,,,,,
26,S32 AU Equity,SOUTH32 LTD,AUD,#N/A,#N/A,#N/A,#N/A,#N/A,#N/A,#N/A,#N/A,#N/A,#N/A,#N/A,#N/A,#N/A,#N/A,929.3869,4618.5344,7983.5506,9219.3985,9742.5637,10174.3704,9061.895,#N/A,,,,,,,
27,AGL AU Equity,AGL ENERGY LTD,AUD,#N/A,#N/A,#N/A,#N/A,#N/A,#N/A,384.2,3458.9,5424,5954.7,6610.7,7072.5,7455.6,9716,10445,10678,11150,12584,12816,13246,12160,#N/A,,,,,,,
28,COH AU Equity,COCHLEAR LTD,AUD,144.158,220.111,254.981,288.576,282.774,348.966,452.26,542.886,580.442,694.699,734.803,809.646,778.996,752.721,804.936,925.63,1130.552,1253.838,1363.7,1426.7,1320.6,#N/A,,,,,,,
29,TWE AU Equity,TREASURY WINE ESTATES LTD,AUD,#N/A,#N/A,#N/A,#N/A,#N/A,#N/A,#N/A,#N/A,#N/A,#N/A,#N/A,1454.1,1680.6,1728.4,1790.2,1971,2343.3,2534.2,2496.4,2883,2678.2,#N/A,,,,,,,
30,XRO AU Equity,XERO LTD,AUD,#N/A,#N/A,#N/A,#N/A,#N/A,#N/A,#N/A,#N/A,0.1173,0.7887,2.5175,7.2591,14.9584,30.2692,61.7558,114.8667,190.7191,278.2651,375.7274,516.2986,682.3677,#N/A,,,,,,,
31,OSH AU Equity,OIL SEARCH LTD,AUD,241.068,239.5594,422.1035,538.6329,565.9177,871.392,855.7994,859.0051,975.0743,655.0363,635.7068,710.2407,699.9672,794.2898,1787.5561,2112.2741,1662.5358,1887.0466,2057.0026,2280.1892,#N/A,#N/A,,,,,,,
32,CIM AU Equity,CIMIC GROUP LTD,AUD,3445.3491,4272.729,4979.5811,4848.54,4834.376,6252.419,8502.577,9967.04,10269.123,13235.548,14541.8,15531.5,20768.4,16197.6,16779.9,13273,10846.7,13429.4,14670.2,14701.1,#N/A,#N/A,,,,,,,
33,QAN AU Equity,QANTAS AIRWAYS LTD,AUD,9072.0996,10127.2998,10968.5,11374.5996,9448,10331.5,11391.8,12822.6,15627,14552,13772,14894,15724,15902,15352,15816,16200,16057,17128,17966,14257,#N/A,,,,,,,
34,MFG AU Equity,MAGELLAN FINANCIAL GROUP LTD,AUD,#N/A,#N/A,#N/A,#N/A,#N/A,#N/A,#N/A,7.075,9.901,-5.941,12.578,18.314,35.846,120.906,148.109,284.912,329.844,338.268,452.598,617.387,693.952,#N/A,,,,,,,
35,AZJ AU Equity,AURIZON HOLDINGS LTD,AUD,#N/A,#N/A,#N/A,#N/A,#N/A,#N/A,#N/A,#N/A,2402,2614,2865.9,3196.7,3504,3724.1,3812,3732,3457.8,3142.5,3112.7,2905.2,3061.6,#N/A,,,,,,,
36,TAH AU Equity,TABCORP HOLDINGS LTD,AUD,1586.762,1812.959,1933.052,1906.14,2462.753,3760.6001,3776.8999,3835,3947.3,4211.3,2865.6,2947.5,1947.6,1998.5,2036.8,2155.5,2188.7,2234.1,3757.3,5482.2,5224,#N/A,,,,,,,
37,CPU AU Equity,COMPUTERSHARE LTD,AUD,629.3438,1363.1225,1447.3408,694.519,871.24,1063.478,1603.6269,1788.3856,1748.4665,2034.1927,1817.2062,1621.1835,1748.3241,1964.1836,2191.54,2362.9794,2693.8645,2793.361,2955.2774,3281.4275,3388.3462,#N/A,,,,,,,
38,MPL AU Equity,MEDIBANK PRIVATE LTD,AUD,#N/A,#N/A,#N/A,#N/A,#N/A,#N/A,#N/A,#N/A,#N/A,#N/A,#N/A,#N/A,5400.412,6005.022,6495.979,6681.6,6811.6,6948.1,7014.5,6765,6779.4,#N/A,,,,,,,
39,CTX AU Equity,CALTEX AUSTRALIA LTD,AUD,4905.9741,4695.624,5685.9878,6768.1348,13447.872,15700.797,18441.437,19071.621,23643.459,17740.3,18671.905,22105.204,23320.714,24524.42,24231.2,19926.546,17933.201,16285.81,21731.342,22307.079,#N/A,#N/A,,,,,,,
40,ORI AU Equity,ORICA LTD,AUD,3672.7,4041.8999,4085.2,3958.6001,4610.5,4052.8,4745.6,5527.2,6544.1,6470.9,5812.1,6182.3,6674.1,6885.2,5721.5,5653.3,5091.9,5039.2,5373.8,5878,#N/A,#N/A,,,,,,,
41,NST AU Equity,NORTHERN STAR RESOURCES LTD,AUD,#N/A,#N/A,#N/A,#N/A,0.0042,0.0042,0.0042,0.0042,0.0042,0.0094,0,114.925,99.525,144.236,296.976,728.151,785.788,869.407,964.025,1401.165,1971.653,#N/A,,,,,,,
42,CWN AU Equity,CROWN RESORTS LTD,AUD,#N/A,#N/A,#N/A,#N/A,#N/A,#N/A,1726,1908.509,2027.4,2194.9,2331.121,2400.254,2792.721,2878.44,3077.136,3464.652,3587.475,3282.56,3016.4,2866.6,2201,#N/A,,,,,,,
43,CCL AU Equity,COCA-COLA AMATIL LTD,AUD,4124.2998,3765.7,3432.6001,3455.6,3450.1,4021.4,3641.6,3931.8,4091.4,4560,4609.4,4856.1,5139.2,5083.7,5002.9,5152.3,5077.7,4700.4,4752.3,5070.6,#N/A,#N/A,,,,,,,
44,WOR AU Equity,WORLEY LTD,AUD,#N/A,#N/A,249.397,375.431,373.319,1247.715,2396.95,3477.765,4607.1,5794.7,5059.7,5605.1,7389.5,8811.4,9560.5,8746.7,7775.1,5203.9,4822.1,6879,13034,#N/A,,,,,,,
45,SEK AU Equity,SEEK LTD,AUD,#N/A,#N/A,#N/A,25.611,39.745,69.607,106.244,156.991,210.165,208.345,280.732,343.054,442.254,520.9,713.3,858.4,950.4,1035.2,1299.5,1537.3,1577.4,#N/A,,,,,,,
46,APT AU Equity,AFTERPAY LTD,AUD,#N/A,#N/A,#N/A,#N/A,#N/A,#N/A,#N/A,#N/A,#N/A,#N/A,#N/A,#N/A,#N/A,#N/A,#N/A,#N/A,1.3832,22.9057,142.345,264.112,519.151,#N/A,,,,,,,
47,BSL AU Equity,BLUESCOPE STEEL LTD,AUD,#N/A,#N/A,2458.5,5272.1001,5738.1,7940.7,8012.6,8112.9,10458,10322.5,8613.7,8984.2,8469.1,7286.7,7919.7,8535.8,9082.5,10545.8,11517.6,12554.1,11305.3,#N/A,,,,,,,
48,WTC AU Equity,WISETECH GLOBAL LTD,AUD,#N/A,#N/A,#N/A,#N/A,#N/A,#N/A,#N/A,#N/A,#N/A,#N/A,#N/A,#N/A,#N/A,51.9,66,79.6,102.809,153.759,221.598,348.266,429.4,#N/A,,,,,,,
49,AWC AU Equity,ALUMINA LTD,AUD,5338.9559,5409.3057,0,0,0,0,0,0,0,0,0,0,0,0,0,0,0,0,0,0,#N/A,#N/A,,,,,,,
50,SVW AU Equity,SEVEN GROUP HOLDINGS LTD,AUD,990.932,1171.995,1176.549,1167.7111,1141.51,1180.395,1285.254,1008.508,33.321,67.285,537.584,3162.834,4456.448,4751.63,3088.2,2779.6,2237.2,2282.3,3207.9,4084,4562.6,#N/A,,,,,,,
51,AMP AU Equity,AMP LTD,AUD,#N/A,#N/A,#N/A,#N/A,#N/A,#N/A,#N/A,#N/A,#N/A,#N/A,#N/A,#N/A,#N/A,#N/A,#N/A,#N/A,#N/A,#N/A,#N/A,#N/A,#N/A,#N/A,,,,,,,
52,EVN AU Equity,EVOLUTION MINING LTD,AUD,#N/A,#N/A,#N/A,0.1792,0.1792,0.1792,0.1792,0.1792,0.1792,0,22.274,121.87,469.484,605.034,634.42,665.958,1328.614,1479.876,1540.433,1509.824,1941.863,#N/A,,,,,,,
53,REH AU Equity,REECE LTD,AUD,593.643,529.66,636.711,740.236,871.814,1009.64,1113.427,1308.703,1437.426,1507.479,1503.487,1563.634,1518.507,1534.878,1775.876,2085.128,2276.353,2429.307,2688.576,5463.787,6009.878,#N/A,,,,,,,
54,AST AU Equity,AUSNET SERVICES,AUD,#N/A,#N/A,#N/A,#N/A,#N/A,#N/A,684.12,960.261,1005.966,1169.4,1333.6,1468,1535.4,1639.5,1799.4,1833.9,1919,1881.5,1909.8,1861.5,1977.6,#N/A,,,,,,,
55,TPM AU Equity,TPG TELECOM LTD,AUD,#N/A,7.947,24.468,29.701,16.063,224.3,490.571,426.568,446.449,481.169,508.017,574.513,663.139,724.533,970.9,1270.6,2387.8,2490.7,2496.1,2477.4,#N/A,#N/A,,,,,,,
56,BPT AU Equity,BEACH ENERGY LTD,AUD,8.036,9.599,14.264,35.377,38.527,61.234,125.89,472.229,564.367,583.567,489.169,498.223,619.268,700.46,1057.724,735.5,564.6,652.6,1267.4,2077.7,1728.2,#N/A,,,,,,,
57,QUB AU Equity,QUBE HOLDINGS LTD,AUD,#N/A,#N/A,#N/A,#N/A,#N/A,#N/A,#N/A,#N/A,#N/A,#N/A,0,190.782,776.818,1027.212,1173.677,1393.348,1264.8,1418.1,1600.3,1667.1,1833.7,#N/A,,,,,,,
58,BLD AU Equity,BORAL LTD,AUD,2384.3,3280.2,3488.8,3831,4149.8,4296.7,4756.1,4889.1,5178.6,4858.9,4493.8,4345.7,4716.2,4163.4,4325.7,4297.6,3945.2,4128,5579.3,5738.4,5671.4,#N/A,,,,,,,
59,SOL AU Equity,WASHINGTON H. SOUL PATTINSON,AUD,851.303,906.448,334.307,327.778,383.184,545.643,718.045,683.034,625.19,584.09,685.681,611.485,771.717,694.455,583.651,571.797,568.815,933.178,1136.179,1562.789,1329.808,#N/A,,,,,,,
60,IPL AU Equity,INCITEC PIVOT LTD,AUD,#N/A,#N/A,#N/A,690.7,1135.588,1073.872,1111.2,1373.2,2918.2,3418.9,2931.7,3545.3,3500.9,3403.7,3352,3643.3,3353.7,3473.4,3856.3,3918.2,#N/A,#N/A,,,,,,,
61,HVN AU Equity,HARVEY NORMAN HOLDINGS LTD,AUD,220.577,358.409,788.156,1000.245,1751.668,1902.487,1801.129,2177.486,2356.992,1440.651,1344.455,1556.384,1407.342,1323.481,1513.662,1617.151,1795.759,1833.123,1993.76,2234.118,2294.913,#N/A,,,,,,,
62,CGF AU Equity,CHALLENGER LTD,AUD,#N/A,#N/A,#N/A,#N/A,446.475,2070.9,915.9,2328.3,2737.2,1673.8,1634.7,1526.5,1441,1617.8,1615.8,1689,1813.3,1972.3,2158.2,2336.1,1101.7,#N/A,,,,,,,
63,DOW AU Equity,DOWNER EDI LTD,AUD,1207.16,1582.3979,2350.865,2573.5339,3015.621,3724.935,4619.19,5312.443,5434.528,5841.864,5796.255,6433.302,7915.409,8766.066,7365.3,7014.9,6846.2,7267.1,12016.6,12789.4,12669.4,#N/A,,,,,,,
64,BEN AU Equity,BENDIGO AND ADELAIDE BANK,AUD,346.875,520.882,518.986,611.325,739.4,958.9,1069.9,1241.8,2907.3,3362.5,2979.8,3683.2,3702.9,3460.7,3251.9,3305.1,3073.4,3014.6,2997.9,2921.2,2570.8,#N/A,,,,,,,
65,ALU AU Equity,ALTIUM LTD,AUD,51.5204,99.0193,52.045,46.558,40.416,39.955,44.999,53.02,58.9884,68.7739,51.0816,49.0148,53.4134,60.3247,77.3189,96.4039,128.5679,147.066,180.6601,240.3286,282.1106,#N/A,,,,,,,
66,DMP AU Equity,DOMINO'S PIZZA ENTERPRISES L,AUD,#N/A,#N/A,56.787,65.264,79.647,132.773,171.936,203.865,196.368,237.375,234.66,245.29,263.102,293.788,588.033,701.675,928.728,1071.338,1150.202,1430.494,1900.964,#N/A,,,,,,,
67,FLT AU Equity,FLIGHT CENTRE TRAVEL GROUP L,AUD,2406.6909,3008.248,469.524,605.912,774.295,871.108,973.711,1121.832,1487.113,1688.353,1768.467,1822.304,1786.83,1950.489,2212.402,2367.441,2615.937,2742.888,2922.985,3055.268,1898.085,#N/A,,,,,,,
68,ALQ AU Equity,ALS LTD,AUD,271.736,319.146,336.391,359.419,390.269,435.562,485.484,611.195,761.03,920.351,825.533,1108.329,1315.6,1455.6,1384,1422.2,1239,1261.5,1446.9,1664.8,1831.9,#N/A,,,,,,,
69,IEL AU Equity,IDP EDUCATION LTD,AUD,#N/A,#N/A,#N/A,#N/A,#N/A,#N/A,#N/A,#N/A,#N/A,#N/A,#N/A,#N/A,#N/A,215.724,255.066,309.865,361.636,394.187,487.155,598.136,587.106,#N/A,,,,,,,
70,JBH AU Equity,JB HI-FI LTD,AUD,#N/A,#N/A,248.802,355.835,452.357,693.943,945.821,1281.837,1828.564,2327.266,2731.32,2959.253,3127.792,3308.396,3483.775,3652.136,3954.467,5628,6854.3,7095.3,7918.9,#N/A,,,,,,,
71,SGR AU Equity,STAR ENTERTAINMENT GRP LTD/T,AUD,#N/A,#N/A,#N/A,#N/A,#N/A,#N/A,#N/A,#N/A,1365,1399,1451.6,1612.8,1615.5,1737.9,1805.7,2140.3,2268.1,2344,2084,2158.1,1487,#N/A,,,,,,,
72,CWY AU Equity,CLEANAWAY WASTE MANAGEMENT L,AUD,#N/A,#N/A,#N/A,143.367,251.135,455.592,634.294,1256.138,2185.601,2199.031,2071.42,2179.23,2283.8,1495,1421.3,1384.9,1455.1,1454.4,1714.3,2283.1,2332.1,#N/A,,,,,,,
73,CAR AU Equity,CARSALES.COM LTD,AUD,#N/A,#N/A,#N/A,#N/A,#N/A,#N/A,#N/A,46.1776,71.926,95.921,120.609,152.51,184.206,215.118,235.603,311.756,344.01,372.114,376.863,417.494,395.585,#N/A,,,,,,,
74,ILU AU Equity,ILUKA RESOURCES LTD,AUD,721.4,772.7,836.8,786,819.6,921,962.1,897.9,920,601.2,963.5,1625.2,1142.5,851.4,791.7,881.4,773.8,1077.1,1350,1316.8,#N/A,#N/A,,,,,,,
75,ORA AU Equity,ORORA LTD,AUD,#N/A,#N/A,#N/A,#N/A,#N/A,#N/A,#N/A,#N/A,#N/A,#N/A,#N/A,2774,2823,1632.2,2648.1,3407.8,3849.8,4039.1,4248,3390.2,3566.2,#N/A,,,,,,,
76,YAL AU Equity,YANCOAL AUSTRALIA LTD,AUD,#N/A,#N/A,#N/A,#N/A,#N/A,#N/A,#N/A,#N/A,#N/A,221.207,1008.861,1369.126,1296.19,1513.463,1405.241,1291,1247,2716,4891,4525,#N/A,#N/A,,,,,,,
77,ANN AU Equity,ANSELL LTD,AUD,9125.9173,4156.7998,2222.8,1293.6,1113.3,1081.1,1138.2,1239.2,1244.7,1352.1,1230.6,1219.8,1218.3,1340,1732.6038,1977.0885,1858.2497,1823.3184,1922.7012,2096.698,2407.1078,#N/A,,,,,,,
78,VEA AU Equity,VIVA ENERGY GROUP LTD,AUD,#N/A,#N/A,#N/A,#N/A,#N/A,#N/A,#N/A,#N/A,#N/A,#N/A,#N/A,#N/A,#N/A,#N/A,#N/A,16503.8,14130.9,13905.4,16395.1,16541.6,#N/A,#N/A,,,,,,,
79,IGO AU Equity,IGO LTD,AUD,#N/A,#N/A,0,24.553,66.737,85.766,112.583,222.933,137.665,94.873,111.139,152.414,206.983,223.343,398.493,494.306,411.73,419.709,777.215,778.635,882.834,#N/A,,,,,,,
80,SAR AU Equity,SARACEN MINERAL HOLDINGS LTD,AUD,1.782,0.853,0.532,0.482,0.0987,0,0,0,0,0,31.392,155.671,183.759,210.605,211.424,249.872,276.502,423.058,510.961,555.591,1073.971,#N/A,,,,,,,
81,OZL AU Equity,OZ MINERALS LTD,AUD,#N/A,#N/A,#N/A,86.387,73.141,389.169,1275.209,602.6,0,608.5,1128.4,1115.9,985.7,644,831,879.4,822.9,1023.1,1117,1107,#N/A,#N/A,,,,,,,
82,BOQ AU Equity,BANK OF QUEENSLAND LTD,AUD,288.849,339.263,355.448,452.1,819,976.2,1138.1,1450.6,2192.6,2193.1,2403.3,2864.8,2763.8,2474.4,2303,2427,2348,2223,2225,2193,1910,#N/A,,,,,,,
83,RWC AU Equity,RELIANCE WORLDWIDE CORP LTD,AUD,#N/A,#N/A,#N/A,#N/A,#N/A,#N/A,#N/A,#N/A,#N/A,#N/A,#N/A,#N/A,#N/A,303.2767,392.1959,451.7325,451.7325,601.693,769.38,1103.957,1162.411,#N/A,,,,,,,
84,LNK AU Equity,LINK ADMINISTRATION HOLDINGS,AUD,#N/A,#N/A,#N/A,#N/A,#N/A,#N/A,#N/A,#N/A,#N/A,#N/A,#N/A,#N/A,#N/A,365.051,410.408,588.343,775.896,779.976,1198.416,1403.465,1230.401,#N/A,,,,,,,
85,MIN AU Equity,MINERAL RESOURCES LTD,AUD,#N/A,#N/A,#N/A,#N/A,#N/A,#N/A,#N/A,146.74,235.441,257.439,312.643,609.518,925.857,1096.982,1899.032,1299.063,1177.641,1457.992,1624.431,1511.975,2124.7,#N/A,,,,,,,
86,NEC AU Equity,NINE ENTERTAINMENT CO HOLDIN,AUD,#N/A,#N/A,#N/A,#N/A,#N/A,#N/A,#N/A,#N/A,#N/A,#N/A,#N/A,#N/A,#N/A,1264.624,1315.834,1381.712,1279.862,1235.294,1395.07,1958.464,2185.835,#N/A,,,,,,,
87,SDF AU Equity,STEADFAST GROUP LTD,AUD,#N/A,#N/A,#N/A,#N/A,#N/A,#N/A,#N/A,#N/A,#N/A,#N/A,#N/A,20.6,30.941,34.769,149.179,259.038,349.561,381.83,439.577,526.346,592.784,#N/A,,,,,,,
88,PMV AU Equity,PREMIER INVESTMENTS LTD,AUD,#N/A,#N/A,#N/A,#N/A,#N/A,#N/A,#N/A,#N/A,#N/A,851.123,879.092,876.035,837.671,843.693,893.055,948.064,1049.752,1093.037,1182.446,1271.18,1216.49,#N/A,,,,,,,
89,NHF AU Equity,NIB HOLDINGS LTD,AUD,#N/A,#N/A,#N/A,#N/A,#N/A,#N/A,630.637,696.895,766.869,828.851,947.111,1045.724,1153.004,1322.285,1526.963,1671.292,1891.384,2038.7,2265.7,2458.7,2520.1,#N/A,,,,,,,
90,BKW AU Equity,BRICKWORKS LTD,AUD,157.843,119.319,148.437,181.013,486.319,519.032,530.106,555.395,544.395,591.255,654.096,633.897,555.827,606.033,670.014,723.331,750.543,841.592,784.935,917.672,953,#N/A,,,,,,,
91,PDL AU Equity,PENDAL GROUP LTD,AUD,#N/A,#N/A,#N/A,#N/A,#N/A,#N/A,#N/A,#N/A,140.7595,115.864,131.466,128.606,194.329,262.64,428.539,439.019,500.056,498.38,588.433,514.109,#N/A,#N/A,,,,,,,
92,IFL AU Equity,IOOF HOLDINGS LTD,AUD,#N/A,#N/A,#N/A,136.215,196.525,306.403,400.19,478.193,403.049,302.532,697.36,727.909,677.292,770.393,817.315,976.363,970.819,972.535,819.878,1121.032,1190.513,#N/A,,,,,,,
93,APX AU Equity,APPEN LTD,AUD,#N/A,#N/A,#N/A,#N/A,#N/A,#N/A,#N/A,#N/A,#N/A,#N/A,#N/A,#N/A,33.3,60.705,51.006,82.696,110.995,166.561,364.273,535.501,#N/A,#N/A,,,,,,,
94,WHC AU Equity,WHITEHAVEN COAL LTD,AUD,#N/A,#N/A,#N/A,#N/A,#N/A,#N/A,88.957,106.201,252,489.397,406.807,622.186,618.087,622.159,755.406,763.29,1164.437,1773.242,2257.446,2487.944,1721.609,#N/A,,,,,,,
95,PTM AU Equity,PLATINUM ASSET MANAGEMENT,AUD,#N/A,#N/A,#N/A,#N/A,#N/A,#N/A,334.089,337.285,283.131,219.484,248.355,264.619,226.727,232.152,319.796,360.422,346.912,323.813,344.043,301.919,291.24,#N/A,,,,,,,
96,TNE AU Equity,TECHNOLOGY ONE LTD,AUD,28.125,38.035,45.018,47.003,50.465,53.739,65.209,76.823,108.491,121.684,134.84,155.252,167.624,178.955,193.353,217.116,248.142,272.525,253.772,285.808,#N/A,#N/A,,,,,,,
97,APE AU Equity,AP EAGERS LTD,AUD,494.238,672.483,750.361,841.546,910.788,1070.464,1170.243,1673.857,1686.514,1662.66,1810.145,2398.071,2637.023,2661.629,2844.356,3229.442,3812.677,4042.964,4112.802,5816.979,#N/A,#N/A,,,,,,,
98,MTS AU Equity,METCASH LTD,AUD,5147.6523,5378.293,5769.3789,6695.519,7173.897,7038.185,8251.646,9694.772,10192.1,11058.3,11599.9,12450.4,12501.1,12976.6,13392.7,13369.8,13541.3,14121.9,12442.2,12660.3,13025.4,#N/A,,,,,,,
99,PME AU Equity,PRO MEDICUS LTD,AUD,8.905,9.987,10.156,9.1,9.108,10.274000000000001,11.298,12.539,14.701,14.913,19.197,11.079,11.313,11.089,14.25,17.49,27.521,31.597,33.872,50.105,56.821,#N/A,,,,,,,
100,IRE AU Equity,IRESS LTD,AUD,32.736,40.617,48.986,53.758,61.05,71.558,93.375,134.47,163.911,169.76,179.585,204.758,207.341,250.626,328.964,361.464,389.737,429.952,464.624,508.943,#N/A,#N/A,,,,,,,
101,BRG AU Equity,BREVILLE GROUP LTD,AUD,166.666,191.185,374.919,455.982,457.616,408.366,349.85,372.807,410.243,431.941,394.38,393.589,427.94,486.547,541.615,527.036,576.573,605.733,646.765,759.967,952.244,#N/A,,,,,,,
102,NXT AU Equity,NEXTDC LTD,AUD,#N/A,#N/A,#N/A,#N/A,#N/A,#N/A,#N/A,#N/A,#N/A,#N/A,#N/A,#N/A,1.237,33.594,45.846,58.669,89.305,117.58,155.751,172.384,200.778,#N/A,,,,,,,
103,ABC AU Equity,ADELAIDE BRIGHTON LTD,AUD,624.706,387.801,486.831,630.626,683.35,717.336,791.2,884.5,1019.3,985.6,1070.6,1098,1180.6,1226.2,1336,1411.4,1394.7,1559.6,1630.6,1517,#N/A,#N/A,,,,,,,
104,CSR AU Equity,CSR LTD,AUD,6419,6424,1943.7,2051.2,1970.8,2367.5,2866.9,3111,3231.3,3492.8,1936.3,1913.6,1801.9,1682.4,1746.6,2023.4,2298.8,2468.3,2237.7,2322.8,2212.5,#N/A,,,,,,,
105,CTD AU Equity,CORPORATE TRAVEL MANAGEMENT,AUD,#N/A,#N/A,#N/A,#N/A,#N/A,#N/A,#N/A,#N/A,#N/A,#N/A,31.547,46.465,65.277,77.356,109.759,197.622,260.79,324.194,370.899,446.739,316.364,#N/A,,,,,,,
106,RRL AU Equity,REGIS RESOURCES LTD,AUD,#N/A,0,0,0,0,0,0,0,0,0,0,107.924,170.355,416.117,371.232,464.854,500.152,542.218,604.425,652.45,755.791,#N/A,,,,,,,
107,NUF AU Equity,NUFARM LTD,AUD,1369.974,1323.2321,1429.275,1458.811,1595.768,1573.988,1676.746,1764.384,2492.458,2677.083,2168.63,2083.589,2181.551,2277.292,2622.704,2737.163,2791.217,3111.115,3307.847,2673.572,2847.375,#N/A,,,,,,,
108,EVT AU Equity,EVENT HOSPITALITY AND ENTERT,AUD,322.601,312.166,317.166,278.56,440.291,556.456,563.083,576.03,617.533,710.166,800.079,775.798,765.209,1034.199,1088.729,1159.712,1257.114,1280.213,970.099,994.547,780.619,#N/A,,,,,,,
109,SGM AU Equity,SIMS LTD,AUD,1083.8459,1351.9,1409.22,1579.713,1873.935,2565.047,3752.407,5548.52,7667.66,8638.738,7455.7,8849.7,9038.6,7195.8,7027.4,6318.6,4660.6,5088.2,6456,6649,4915.9,#N/A,,,,,,,
110,DHG AU Equity,DOMAIN HOLDINGS AUSTRALIA LT,AUD,#N/A,#N/A,#N/A,#N/A,#N/A,#N/A,#N/A,#N/A,#N/A,#N/A,#N/A,#N/A,#N/A,#N/A,#N/A,#N/A,#N/A,139.308,286.781,333.676,265.385,#N/A,,,,,,,
111,SUL AU Equity,SUPER RETAIL GROUP LTD,AUD,#N/A,#N/A,#N/A,#N/A,70.757,470.145,525.949,624.815,715.439,828.812,938.008,1092.321,1654.1,2020,2090.1,2238.7,2422.2,2465.8,2570.4,2710.4,2825.2,#N/A,,,,,,,
112,PPT AU Equity,PERPETUAL LTD,AUD,245.173,290.252,243.993,278.753,308.088,390.205,434.227,595.31,647.5,482.538,505.94,473.508,399.508,397.478,455.59,510.877,507.729,520.881,538.845,519.405,491.297,#N/A,,,,,,,
113,NAN AU Equity,NANOSONICS LTD,AUD,#N/A,#N/A,#N/A,#N/A,#N/A,#N/A,#N/A,#N/A,#N/A,0.309,0.763,2.247,12.301,14.899000000000001,21.492,22.214,42.796,67.507,60.698,84.324,100.054,#N/A,,,,,,,
114,SBM AU Equity,ST BARBARA LTD,AUD,38.534,71.217,54.516,56.111,21.972,46.553,115.263,130.911,143.129,281.129,296.76,359.575,384.396,511.84,462.77,548.206,610.115,641.702,679.204,650.321,827.726,#N/A,,,,,,,
115,BIN AU Equity,BINGO INDUSTRIES LTD,AUD,#N/A,#N/A,#N/A,#N/A,#N/A,#N/A,#N/A,#N/A,#N/A,#N/A,#N/A,#N/A,#N/A,#N/A,70.6325,94.195,142.062,208.781,300.203,395.739,478.629,#N/A,,,,,,,
116,BAP AU Equity,BAPCOR LTD,AUD,#N/A,#N/A,#N/A,#N/A,#N/A,#N/A,#N/A,#N/A,#N/A,#N/A,#N/A,254.0493,211.467,306.288,341.649,375.317,685.629,1013.553,1236.681,1296.582,1462.747,#N/A,,,,,,,
117,VOC AU Equity,VOCUS GROUP LTD,AUD,#N/A,#N/A,#N/A,#N/A,#N/A,#N/A,#N/A,#N/A,0.1532,5.1099,17.475,30.7053,45.0782,66.4998,91.753,149.004,829.938,1820.577,1884.743,1892.296,1778.18,#N/A,,,,,,,
118,WEB AU Equity,WEBJET LTD,AUD,0.021,0.271,1.08,1.383,1.4371,5.224,10.4867,15.715,23.166,27.532,37.138,43.548,57.669,72.864,95.188,116.869,152.006,199.219,761.6,366.4,266.1,#N/A,,,,,,,
119,IPH AU Equity,IPH LTD,AUD,#N/A,#N/A,#N/A,#N/A,#N/A,#N/A,#N/A,#N/A,#N/A,#N/A,#N/A,#N/A,#N/A,74.2,72.212,88.716,154.41,182.041,221.956,252.544,365.674,#N/A,,,,,,,
120,TYR AU Equity,TYRO PAYMENTS LTD,AUD,#N/A,#N/A,#N/A,#N/A,#N/A,#N/A,#N/A,#N/A,#N/A,#N/A,#N/A,#N/A,#N/A,#N/A,#N/A,#N/A,#N/A,120.575,148.231,189.77,210.675,#N/A,,,,,,,
121,GNC AU Equity,GRAINCORP LTD-A,AUD,284.956,507.203,688.284,463.326,964.148,684.076,810.417,817.918,1527.895,1660.317,1989.722,2776.8,3329.4,4462,4094.1,4085.3,4158.3,4575.7,4253.1,4849.7,#N/A,#N/A,,,,,,,
122,HLS AU Equity,HEALIUS LTD,AUD,62.931,89.746,102.931,126.817,150.424,190.902,240.716,272.262,649.641,1361.114,1293.069,1319.094,1390.88,1438.168,1524.115,1579.7,1636.9,1658.6,1704.6,1562.1,1584.6,#N/A,,,,,,,
123,NHC AU Equity,NEW HOPE CORP LTD,AUD,553.2975,757.1006,165.554,170.918,141.597,189.523,218.957,222.562,313.884,540.834,643.196,561.947,680.875,591.503,508.054,470.36,513.597,841.988,1072.596,1301.022,1083.229,#N/A,,,,,,,
124,CCP AU Equity,CREDIT CORP GROUP LTD,AUD,#N/A,5.093,8.554,16.564,27.6838,34.6998,40.9257,60.055,143.884,84.896,93.317,113.528,123.644,142.374,173.917,190.952,226.702,265.878,298.84,323.544,381.764,#N/A,,,,,,,
125,HTA AU Equity,HUTCHISON TELECOMM (AUST),AUD,404.652,418.579,227.346,340.156,767.928,907.323,1055.729,1315.41,1613.402,740.481,0,0,0.057,0.272,0,0,0,0,0,0,#N/A,#N/A,,,,,,,
126,LYC AU Equity,LYNAS CORP LTD,AUD,12.992,13.868,8.048,8.048,8.048,8.048,8.048,0,7.364,0,0,0,0,0.95,64.57,144.596,190.956,256.976,374.105,363.541,305.111,#N/A,,,,,,,
127,MND AU Equity,MONADELPHOUS GROUP LTD,AUD,159.707,129.639,154.673,243.735,220.76,390.564,531.963,963.717,953.991,1122.521,1275.42,1443.896,1897.49,2614.073,2329.589,1865.027,1364.685,1245.183,1734.881,1477.269,1487.393,#N/A,,,,,,,
128,IVC AU Equity,INVOCARE LTD,AUD,#N/A,88.021,136.973,140.287,151.033,148.2,191.932,223.918,244.215,260.833,272.574,327.496,375.504,392.186,420.204,440.318,460.834,465.963,480.797,480.797,#N/A,#N/A,,,,,,,
129,MP1 AU Equity,MEGAPORT LTD,AUD,#N/A,#N/A,#N/A,#N/A,#N/A,#N/A,#N/A,#N/A,#N/A,#N/A,#N/A,#N/A,#N/A,#N/A,#N/A,#N/A,2.6794000000000002,10.6686,19.7532,35.065,58.04,#N/A,,,,,,,
130,GMA AU Equity,GENWORTH MORTGAGE INSURANCE,AUD,#N/A,#N/A,#N/A,#N/A,#N/A,#N/A,#N/A,#N/A,#N/A,#N/A,#N/A,648.8,612.921,502.823,435.919,577.76,578.87,473.807,360.699,438.494,#N/A,#N/A,,,,,,,
131,ARB AU Equity,ARB CORP LTD,AUD,59.136,67.771,78.836,87.995,100.6521,114.729,125.867,146.059,171.603,191.154,228.001,254.171,268.718,291.51,297.779,329.755,356.905,379.593,422.675,443.891,465.379,#N/A,,,,,,,
132,EML AU Equity,EML PAYMENTS LTD,AUD,#N/A,#N/A,#N/A,#N/A,#N/A,#N/A,#N/A,#N/A,#N/A,0,0,0,2.9727,4.3293,4.3933,13.504,22.351,56.314,68.312,94.392,117.284,#N/A,,,,,,,
133,BKL AU Equity,BLACKMORES LTD,AUD,79.598,76.497,81.435,94.74,115.724,134.449,147.988,171.653,178.833,200.314,214.934,234.423,260.832,326.603,346.76,471.615,598.44,552.16,601.136,588.914,568.353,#N/A,,,,,,,
134,CUV AU Equity,CLINUVEL PHARMACEUTICALS LTD,AUD,#N/A,#N/A,#N/A,#N/A,0.3552,0.1246,0.7548,0.2833,0.2833,0,0,1.041,0.7228,1.553,2.2001,2.9116,6.2113,16.7201,25.4857,31.0478,32.5654,#N/A,,,,,,,
135,FNP AU Equity,FREEDOM FOODS GROUP LTD,AUD,24.514,23.557,21.44,21.957,32.94,37.954,46.963,49.921,55.191,49.378,44.427,45.328,58.132,88.831,87.856,91.46,170.444,262.481,352.987,476.214,#N/A,#N/A,,,,,,,
136,Z1P AU Equity,ZIP CO LTD,AUD,#N/A,#N/A,#N/A,#N/A,#N/A,#N/A,#N/A,#N/A,#N/A,#N/A,0,0,0,0,0.2467,0.3996,2.9204,16.4323,39.2744,82.8767,156.993,#N/A,,,,,,,
137,NWH AU Equity,NRW HOLDINGS LTD,AUD,#N/A,#N/A,#N/A,#N/A,#N/A,#N/A,#N/A,257.383,471.183,509.603,609.737,745.341,1358.776,1374.403,1134.492,775.934,287.973,344.56,685.431,1078.124,2004.362,#N/A,,,,,,,
138,AVH AU Equity,AVITA MEDICAL LTD,AUD,#N/A,#N/A,0.346,0.5229,0.5565,1.4369,1.1023,0.932,1.0851,2.9327,3.7349,4.4212,4.6056,2.815,2.6831,0.9856,1.002,1.1806,1.1989,5.474,14.263,#N/A,,,,,,,
139,ASB AU Equity,AUSTAL LTD,AUD,352.895,187.921,336.333,301.656,290.166,301.136,363.759,534.9,605.847,490.204,520.15,503.427,652.351,900.582,1122.542,1414.006,1338.864,1308.603,1390.15,1851.021,2086.001,#N/A,,,,,,,
140,PRU AU Equity,PERSEUS MINING LTD,AUD,#N/A,#N/A,#N/A,#N/A,0,0,0,0,0.0637,0,0,0,144.6872,293.59,263.978,332.851,244.936,276.924,378.076,508.646,591.238,#N/A,,,,,,,
141,CDA AU Equity,CODAN LTD,AUD,#N/A,110.3248,103.96,111.404,132.954,125.455,117.301,121.591,109.945,132.364,189.321,143.484,160.732,233.836,132.268,143.863,169.54,226.095,229.914,270.811,348.017,#N/A,,,,,,,
142,LOV AU Equity,LOVISA HOLDINGS LTD,AUD,#N/A,#N/A,#N/A,#N/A,#N/A,#N/A,#N/A,#N/A,#N/A,#N/A,#N/A,#N/A,39.789,70.286,105.677,134.26,153.461,178.746,217.01,250.282,242.176,#N/A,,,,,,,
143,UOS AU Equity,UNITED OVERSEAS AUSTRALIA,AUD,24.991,43.568,77.45,55.696,54.271,60.961,36.865,30.634,174.305,152.179,126.994,193.028,249.674,410.015,365.72,560.949,324.081,327.757,440.493,387.213,#N/A,#N/A,,,,,,,
144,PNV AU Equity,POLYNOVO LTD,AUD,#N/A,#N/A,0.3746,0.3746,0.3746,0.3746,0.3746,0.3746,0.3746,0,0.1219,0.302,0.2416,0.0736,0.0844,0.0223,3.2772,3.6201,5.7145,13.3492,22.1561,#N/A,,,,,,,
145,VAH AU Equity,VIRGIN AUSTRALIA HOLDINGS LT,AUD,#N/A,#N/A,#N/A,844.506,1302.2,1302.2,1302.2,2161.4,2149.4,2600.3,2976.1,3268.3,3913.5,3987.8,4286.8,4706,4985.7,5040.6,5417.2,5827.1,#N/A,#N/A,,,,,,,
146,BVS AU Equity,BRAVURA SOLUTIONS LTD,AUD,#N/A,#N/A,#N/A,#N/A,#N/A,#N/A,30.009,100.124,135.84,133.538,101.359,120.67,126.559,124.346,106.88,152.089,184.677,191.878,221.471,257.702,274.247,#N/A,,,,,,,
147,ING AU Equity,INGHAMS GROUP LTD,AUD,#N/A,#N/A,#N/A,#N/A,#N/A,#N/A,#N/A,#N/A,#N/A,#N/A,#N/A,#N/A,#N/A,#N/A,2277.411,2273.75,2308.7,2426.9,2373.9,2489.8,2555.3,#N/A,,,,,,,
148,ZIM AU Equity,ZIMPLATS HOLDINGS LTD,AUD,0,0,31.2656,122.8179,140.4125,149.5667,217.3918,300.5276,328.9693,163.6198,458.9028,534.6929,459.0261,459.5844,627.5573,490.8061,648.0495,679.9127,751.8177,882.5812,1296.1299,#N/A,,,,,,,
149,CIA AU Equity,CHAMPION IRON LTD,AUD,#N/A,#N/A,#N/A,#N/A,#N/A,#N/A,0,0,0,0,0,0,0,0,0,0,0,0,0,684.8982,866.2494,#N/A,,,,,,,
150,GOR AU Equity,GOLD ROAD RESOURCES LTD,AUD,#N/A,#N/A,#N/A,#N/A,#N/A,#N/A,0,0,0,0,0,0,0,0,0,0,0,0,0,75.444,#N/A,#N/A,,,,,,,
151,SLR AU Equity,SILVER LAKE RESOURCES LTD,AUD,#N/A,#N/A,#N/A,#N/A,#N/A,#N/A,#N/A,#N/A,2.941,58.069,69.073,89.982,135.338,215.743,309.661,185.956,209.497,227.491,255.573,301.514,563.435,#N/A,,,,,,,
152,NEA AU Equity,NEARMAP LTD,AUD,0.021,0.021,0.082,0.008,0.0832,0.2391,0.2338,20.9874,43.9142,1.5896,0.9165,10.7974,5.7258,12.5041,19.557,25.53,30.882,40.676,53.771,77.822,96.714,#N/A,,,,,,,
153,RSG AU Equity,RESOLUTE MINING LTD,AUD,#N/A,#N/A,117.479,108.629,118.207,161.857,194.393,185.297,233.608,294.936,334.852,445.055,576.71,618.602,426.753,459.147,554.624,541.177,465.692,656.392,#N/A,#N/A,,,,,,,
154,MSB AU Equity,MESOBLAST LTD,AUD,#N/A,#N/A,#N/A,#N/A,#N/A,#N/A,#N/A,#N/A,#N/A,0,0,14.6092,27.683,18.26,16.41,20.483,56.9632,2.5788,21.9075,22.3839,47.1577,#N/A,,,,,,,
155,DDR AU Equity,DICKER DATA LTD,AUD,#N/A,#N/A,#N/A,#N/A,#N/A,#N/A,#N/A,176.7034,213.2699,267.4881,285.229,384.2693,455.305,451.471,662.385,1076.772,1184.559,1305.841,1492.974,1773.355,#N/A,#N/A,,,,,,,
156,PRN AU Equity,PERENTI GLOBAL LTD,AUD,111.971,120.401,127.521,130.438,150.997,202.843,317.134,365.605,387.141,505.468,630.963,834.641,1059.107,1128.559,826.305,719.832,743.003,762.566,866.281,1638.392,2046.058,#N/A,,,,,,,
157,MGX AU Equity,MOUNT GIBSON IRON LTD,AUD,#N/A,#N/A,1.267,0.652,14.2935,76.872,73.389,162.748,432.674,425.443,536.282,672.082,648.464,852.873,660.161,315.644,235.188,182.688,254.129,278.364,452.297,#N/A,,,,,,,
158,NIC AU Equity,NICKEL MINES LTD,AUD,#N/A,#N/A,#N/A,#N/A,#N/A,#N/A,#N/A,#N/A,#N/A,#N/A,#N/A,#N/A,#N/A,#N/A,#N/A,#N/A,6.2343,11.4012,17.4891,90.8299,#N/A,#N/A,,,,,,,
159,SSM AU Equity,SERVICE STREAM LTD,AUD,#N/A,#N/A,32.1578,56.5424,66.214,93.6242,170.699,245.504,450.01,557.458,517.727,633.475,591.808,525.206,388.418,410.757,437.169,500.876,629.584,850.959,927.951,#N/A,,,,,,,
160,SFR AU Equity,SANDFIRE RESOURCES LTD,AUD,#N/A,#N/A,#N/A,#N/A,#N/A,0,0,0,0,0,0,0,20.408,492.897,528.739,530.705,485.817,532.548,570.045,592.211,656.753,#N/A,,,,,,,
161,CKF AU Equity,COLLINS FOODS LTD,AUD,#N/A,#N/A,#N/A,#N/A,#N/A,#N/A,#N/A,#N/A,#N/A,405.9,402.9,408.222,405.97,423.885,440.557,571.593,574.284,633.562,770.936,901.215,981.733,#N/A,,,,,,,
162,MMS AU Equity,MCMILLAN SHAKESPEARE LTD,AUD,#N/A,#N/A,#N/A,#N/A,8.2662,35.345,48.1109,53.5471,65.778,76,131.021,270.538,300.626,327.39,345.299,386.908,502.811,522.033,543.806,547.894,493.116,#N/A,,,,,,,
163,AX1 AU Equity,ACCENT GROUP LTD,AUD,#N/A,#N/A,#N/A,#N/A,#N/A,52.765,15.975,18.042,11.998,20.34,29.275,41.184,42.255,54.682,80.309,134.97,441.538,635.167,702.377,796.263,829.805,#N/A,,,,,,,
164,ELD AU Equity,ELDERS LTD,AUD,5000.4229,5676.4609,6776.0591,2464.304,2707.302,3174.684,3176.844,3016.517,3274.659,2627.661,1958.068,2263.116,1813.205,1422.056,1425.962,1502.013,1519.336,1519.336,1597.415,1664.584,#N/A,#N/A,,,,,,,
165,CGC AU Equity,COSTA GROUP HOLDINGS LTD,AUD,#N/A,#N/A,#N/A,#N/A,#N/A,#N/A,#N/A,#N/A,#N/A,#N/A,#N/A,#N/A,#N/A,592.6799,699.0749,736.231,821.861,909.108,990.282,1047.873,#N/A,#N/A,,,,,,,
166,COE AU Equity,COOPER ENERGY LTD,AUD,#N/A,#N/A,#N/A,1.0863,5.7889,25.297,32.568,21.228,45.014,41.647,40.03,39.121,59.606,53.397,72.303,33.51,20.257,34.648,67.452,75.543,78.139,#N/A,,,,,,,
167,LIC AU Equity,LIFESTYLE COMMUNITIES LTD,AUD,146.067,125.976,74.364,60.206,50.078,33.1967,5.8186,9.0544,8.8046,14.8222,23.8946,27.8774,38.3499,42.5072,63.2008,78.4219,69.9417,100.393,123.5975,144.222,127.79,#N/A,,,,,,,
168,GUD AU Equity,G.U.D. HOLDINGS LTD,AUD,328.202,341.213,365.862,372.378,395.778,394.446,462.392,471.198,469.023,468.334,474.721,592.791,609.074,596.452,591.64,497.095,409.326,356.866,396.689,434.077,438.016,#N/A,,,,,,,
169,PGH AU Equity,PACT GROUP HOLDINGS LTD,AUD,#N/A,#N/A,#N/A,#N/A,#N/A,#N/A,#N/A,#N/A,#N/A,#N/A,#N/A,978.619,969.301,1103.707,1143.219,1249.153,1381.338,1475.336,1674.188,1834.076,1809.158,#N/A,,,,,,,
170,JIN AU Equity,JUMBO INTERACTIVE LTD,AUD,0.184,0.386,1.74,2.549,7.6349,7.1434,16.2596,17.75,37.2532,58.3878,66.04,18.1183,24.0877,25.1912,24.1339,29.1998,34.341,32.429,39.775,65.212,71.168,#N/A,,,,,,,
171,BGA AU Equity,BEGA CHEESE LTD,AUD,#N/A,#N/A,#N/A,#N/A,#N/A,#N/A,#N/A,#N/A,696.6187,797.9394,829.029,931.69,932.911,1004.387,1069.392,1112.63,1195.967,1226.663,1252.041,1419.952,1493.219,#N/A,,,,,,,
172,SIQ AU Equity,SMARTGROUP CORP LTD,AUD,#N/A,#N/A,#N/A,#N/A,#N/A,#N/A,#N/A,#N/A,#N/A,#N/A,#N/A,48.3,59.5,62.418,73.35,91.758,147.063,205.443,241.815,249.835,#N/A,#N/A,,,,,,,
173,AUB AU Equity,AUB GROUP LTD,AUD,#N/A,#N/A,#N/A,#N/A,#N/A,#N/A,57.652,63.948,70.92,82.655,91.052,97.994,107.37,148.67,178.939,196.652,210.606,239.839,248.488,279.811,305.784,#N/A,,,,,,,
174,OML AU Equity,OOH!MEDIA LTD,AUD,#N/A,#N/A,#N/A,#N/A,#N/A,#N/A,#N/A,#N/A,#N/A,#N/A,#N/A,#N/A,131.7,250.367,261.299,279.807,336.142,380.276,482.647,649.606,#N/A,#N/A,,,,,,,
175,GWA AU Equity,GWA GROUP LTD,AUD,596.179,554.223,609.535,659.589,667.926,626.866,619.989,636.124,648.902,613.034,656.809,641.574,602.128,565.365,399.394,426.218,439.666,350.437,359.281,381.73,398.704,#N/A,,,,,,,
176,GEM AU Equity,G8 EDUCATION LTD,AUD,#N/A,#N/A,#N/A,#N/A,#N/A,#N/A,#N/A,3.13,30.9348,33.38,66.0006,136.0474,176.6586,272.576,479.224,686.747,771.715,789.043,851.53,916.622,#N/A,#N/A,,,,,,,
177,TGR AU Equity,TASSAL GROUP LTD,AUD,#N/A,#N/A,#N/A,#N/A,58.686,95.474,123.45,141.539,164.303,200.604,212.685,222.457,256.966,266.067,260.482,304.105,425.185,444.716,473.933,551.343,552.614,#N/A,,,,,,,
178,PNI AU Equity,PINNACLE INVESTMENT MANAGEME,AUD,#N/A,#N/A,#N/A,#N/A,#N/A,#N/A,94.058,131.706,124.675,105.329,172.905,143.037,74.538,65.409,63.854,7.382,8.728,10.434,14.837,22.369,21.115,#N/A,,,,,,,
179,EOS AU Equity,ELECTRO OPTIC SYSTEMS HOLDIN,AUD,#N/A,#N/A,#N/A,12.6355,2.1062,16.8931,51.4009,37.7737,33.5178,36.4506,33.2265,32.378,21.7287,29.7867,23.4557,30.4648,25.6358,23.0649,86.3397,165.4156,#N/A,#N/A,,,,,,,
180,EOF AU Equity,ECOFIBRE LTD,AUD,#N/A,#N/A,#N/A,#N/A,#N/A,#N/A,#N/A,#N/A,#N/A,#N/A,#N/A,#N/A,#N/A,#N/A,#N/A,#N/A,#N/A,0.5749,5.749,35.605,50.717,#N/A,,,,,,,
181,WSA AU Equity,WESTERN AREAS LTD,AUD,#N/A,#N/A,#N/A,#N/A,#N/A,#N/A,#N/A,17.53,60.742,58.898,170.365,468.659,330.698,306.541,320.078,312.68,209.117,213.92,248.268,268.716,308.352,#N/A,,,,,,,
182,PSI AU Equity,PSC INSURANCE GROUP LTD,AUD,#N/A,#N/A,#N/A,#N/A,#N/A,#N/A,#N/A,#N/A,#N/A,#N/A,#N/A,#N/A,#N/A,32.3109,40.6413,51.9952,67.9482,84.438,118.401,126.082,168.946,#N/A,,,,,,,
183,RMS AU Equity,RAMELIUS RESOURCES LTD,AUD,#N/A,#N/A,#N/A,#N/A,0,0,0.399,14.4711,14.8566,19.8617,61.2711,148.105,84.331,135.591,133.035,130.351,173.744,197.358,341.784,352.77,460.574,#N/A,,,,,,,
184,SHV AU Equity,SELECT HARVESTS LTD,AUD,43.002,64.996,78.327,80.994,127.38,173.864,217.866,229.498,224.655,248.581,238.376,249.573,251.081,191.03,188.194,223.588,286.168,242.142,210.238,298.474,#N/A,#N/A,,,,,,,
185,OPT AU Equity,OPTHEA LTD,AUD,#N/A,#N/A,#N/A,#N/A,#N/A,0,0,29.7221,29.7221,0.7216,0.6217,0.4462,0.5103,0.6227,0.6032,0.5159,0.3293,0.0733,0.1423,0.1591,0.0871,#N/A,,,,,,,
186,MOE AU Equity,MOELIS AUSTRALIA LTD,AUD,#N/A,#N/A,#N/A,#N/A,#N/A,#N/A,#N/A,#N/A,#N/A,#N/A,#N/A,#N/A,#N/A,#N/A,#N/A,48.4589,71.2546,111.593,152.607,161.864,#N/A,#N/A,,,,,,,
187,HSN AU Equity,HANSEN TECHNOLOGIES LTD,AUD,6.463,55.019,44.579,56.671,50.191,51.84,49.482,32.138,39.084,54.298,57.766,57.575,56.554,63.78,86.021,106.257,148.961,174.672,230.816,231.324,301.369,#N/A,,,,,,,
188,IDX AU Equity,INTEGRAL DIAGNOSTICS LTD,AUD,#N/A,#N/A,#N/A,#N/A,#N/A,#N/A,#N/A,#N/A,#N/A,#N/A,#N/A,#N/A,#N/A,138.7,149.9,160,167.77,179.732,189.399,232.393,275.566,#N/A,,,,,,,
189,VRL AU Equity,VILLAGE ROADSHOW LTD,AUD,592.927,662.038,662.038,1263.686,2160.663,1464.303,1495.415,824.284,1274.705,1222.344,936.849,890.3,891.779,901.012,934.974,963.561,1037.284,996.458,951.436,979.164,731.351,#N/A,,,,,,,
190,REG AU Equity,REGIS HEALTHCARE LTD,AUD,#N/A,#N/A,#N/A,#N/A,#N/A,#N/A,#N/A,#N/A,#N/A,#N/A,#N/A,#N/A,326.1,352.7,408.565,435.908,479.93,564.901,593.99,646.855,677.872,#N/A,,,,,,,
191,PBH AU Equity,POINTSBET HOLDINGS LTD,AUD,#N/A,#N/A,#N/A,#N/A,#N/A,#N/A,#N/A,#N/A,#N/A,#N/A,#N/A,#N/A,#N/A,#N/A,#N/A,#N/A,#N/A,0.373,9.382,25.6153,75.1734,#N/A,,,,,,,
192,MYX AU Equity,MAYNE PHARMA GROUP LTD,AUD,#N/A,#N/A,#N/A,#N/A,#N/A,#N/A,#N/A,#N/A,#N/A,0,36.507,49.837,52.365,83.669,143.254,141.42,267.28,572.595,530.313,525.208,456.985,#N/A,,,,,,,
193,FXL AU Equity,FLEXIGROUP LTD,AUD,#N/A,#N/A,#N/A,#N/A,#N/A,#N/A,#N/A,140.26,166.78,184.494,204.217,222.977,246.222,284.14,318.1,340.8,396.4,462.8,458.5,471.4,450.4,#N/A,,,,,,,
194,WBA AU Equity,WEBSTER LTD,AUD,135.943,137.884,146.37,157.056,130.757,71.783,36.566,45.9,37.798,39.801,34.965,47.098,44.49,52.127,54.177,58.116,119.782,101.027,145.263,116.995,#N/A,#N/A,,,,,,,
195,KGN AU Equity,KOGAN.COM LTD,AUD,#N/A,#N/A,#N/A,#N/A,#N/A,#N/A,#N/A,#N/A,#N/A,#N/A,#N/A,#N/A,#N/A,#N/A,170,200.3,211.1586,289.5178,412.3124,438.6996,497.904,#N/A,,,,,,,
196,SLK AU Equity,SEALINK TRAVEL GROUP LTD,AUD,#N/A,#N/A,#N/A,#N/A,#N/A,#N/A,#N/A,#N/A,#N/A,#N/A,59.6586,63.9506,78.5236,91.3341,103.7748,111.282,176.723,200.24,208.246,248.779,623.692,#N/A,,,,,,,
197,EHL AU Equity,EMECO HOLDINGS LTD,AUD,#N/A,#N/A,#N/A,#N/A,#N/A,152.152,382.845,554.402,617.94,443.723,404.959,502.495,569.07,382.301,241.095,241.431,167.971,196.042,380.992,464.486,540.429,#N/A,,,,,,,
198,HUB AU Equity,HUB24 LTD,AUD,#N/A,#N/A,#N/A,#N/A,#N/A,#N/A,8.1966,0.0063,12.0582,5.3827,8.7289,8.4301,0.8531,1.8061,4.0339,29.3042,43.6565,63.7693,86.9948,98.6676,112.0602,#N/A,,,,,,,
199,ORE AU Equity,OROCOBRE LTD,AUD,#N/A,#N/A,#N/A,#N/A,#N/A,#N/A,#N/A,#N/A,0,0,0,0.1788,0.1436,19.1504,23.1668,23.3152,21.3281,22.8157,22.4289,113.5056,114.9764,#N/A,,,,,,,
200,SGF AU Equity,SG FLEET GROUP LTD,AUD,#N/A,#N/A,#N/A,#N/A,#N/A,#N/A,#N/A,#N/A,#N/A,#N/A,#N/A,120.709,140.25,157,63.588,169.426,210.008,291.802,513.898,508.089,451.616,#N/A,,,,,,,
201,IFM AU Equity,INFOMEDIA LTD,AUD,21.083,34.452,43.846,61.813,69.567,59.137,55.577,55.357,51.731,54.341,45.339,44.093,45.677,48.689,57.143,60.385,68.087,70.474,72.935,84.598,94.618,#N/A,,,,,,,
202,AAC AU Equity,AUSTRALIAN AGRICULTURAL CO,AUD,#N/A,#N/A,92.972,115.394,78.89,181.139,193.23,234.766,233.129,155.31,401.955,478.665,487.839,487.839,436.49,548.068,763.934,746.753,542.65,422.47,619.956,#N/A,,,,,,,
203,API AU Equity,AUSTRALIAN PHARMA INDUS LTD,AUD,1244.74,1661.4449,1917.9351,2483.401,2942.603,2323.3501,2582.144,2648.989,3238.879,3549.734,3706.207,3425.89,3198.998,3166.369,3345.946,3457.4,3839.987,4061.2,4026.302,4010.725,4019.525,#N/A,,,,,,,
204,AMA AU Equity,AMA GROUP LTD,AUD,#N/A,#N/A,#N/A,#N/A,#N/A,#N/A,1.1351,36.261,78.519,44.902,51.273,53.796,62.84,64.587,64.095,93.196,263.821,382.067,509.663,606.634,888.475,#N/A,,,,,,,
205,KAR AU Equity,KAROON ENERGY LTD,AUD,#N/A,#N/A,#N/A,#N/A,#N/A,#N/A,#N/A,#N/A,#N/A,0,0,0,0,0,0,0,0,0,0,0,0,#N/A,,,,,,,
206,SXL AU Equity,SOUTHERN CROSS MEDIA GROUP L,AUD,#N/A,#N/A,#N/A,#N/A,#N/A,#N/A,178.472,167.001,435.426,395.713,406.909,492.811,687.221,642.631,640.834,611.12,639.555,687.244,656.784,660.088,540.152,#N/A,,,,,,,
207,EHE AU Equity,ESTIA HEALTH LTD,AUD,#N/A,#N/A,#N/A,#N/A,#N/A,#N/A,#N/A,#N/A,#N/A,#N/A,#N/A,#N/A,#N/A,#N/A,66.7371,284.5066,442.821,524.63,546.934,585.985,636.908,#N/A,,,,,,,
208,EQT AU Equity,EQT HOLDINGS LTD,AUD,12.407,14.0341,15.388,13.8085,17.5156,20.5849,25.3421,33.0634,39.6315,34.5012,35.2771,39.8645,43.6467,47.4818,54.9346,84.8573,83.696,79.987,88.564,93.592,96.27,#N/A,,,,,,,
209,CWP AU Equity,CEDAR WOODS PROPERTIES LTD,AUD,21.334,20.34,26.113,36.189,56.991,60.255,80.236,89.766,80.837,106.329,106.945,129.832,168.105,168.516,212.834,177.207,173.86,221.331,239.816,375.149,260.66,#N/A,,,,,,,
210,ALG AU Equity,ARDENT LEISURE GROUP LTD,AUD,#N/A,#N/A,#N/A,#N/A,#N/A,#N/A,#N/A,#N/A,#N/A,#N/A,#N/A,375.856,390.074,448.903,499.703,571.651,477.059,370.384,422.393,483.301,398.315,#N/A,,,,,,,
211,PLS AU Equity,PILBARA MINERALS LTD,AUD,#N/A,#N/A,#N/A,#N/A,#N/A,#N/A,#N/A,#N/A,#N/A,0,0,0,0,0.0945,0.3436,0,0,0,10.188,42.785,84.147,#N/A,,,,,,,
212,HLO AU Equity,HELLOWORLD TRAVEL LTD,AUD,#N/A,0.064,8.3,22.057,26.565,101.167,114.954,125.876,98.702,145.104,189.781,334.392,353.002,326.678,286.598,274.861,296.911,324.209,322.579,354.12,279.874,#N/A,,,,,,,
213,SIG AU Equity,SIGMA HEALTHCARE LTD,AUD,#N/A,#N/A,#N/A,263.215,336.296,2130.427,2168.468,2698.466,2966.502,3122.902,2767.894,2950.739,2890.485,2981.219,3014.182,3194.335,3531.453,4443.361,4177.918,4076.228,3342.37,#N/A,,,,,,,
214,MAH AU Equity,MACMAHON HOLDINGS LTD,AUD,434.282,375.648,432.016,396.387,357.16,555.393,804.022,902.771,1201.216,1358.49,896.445,1089.409,876.068,1165.505,1015.917,660.194,312.167,359.645,710.263,1102.984,1380.374,#N/A,,,,,,,
215,PPC AU Equity,PEET LTD,AUD,#N/A,9.331,16.0909,48.112,63.7771,70.994,111.715,114.209,164.43,174.509,174.196,183.756,141.515,235.689,272.604,354.434,268.127,296.043,287.619,249.545,188.282,#N/A,,,,,,,
216,RMC AU Equity,RESIMAC GROUP LTD,AUD,#N/A,11.134,34.0895,36.929,35.9491,71.727,74.698,93.12,121.657,100.482,77.336,74.078,64.709,59.769,53.26,56.382,251.964,315.279,388.057,481.859,471.303,#N/A,,,,,,,
217,AFG AU Equity,AUSTRALIAN FINANCE GROUP LTD,AUD,#N/A,#N/A,#N/A,#N/A,#N/A,#N/A,#N/A,#N/A,#N/A,#N/A,#N/A,#N/A,#N/A,369.22,450.88,523.65,544.273,602.801,616.808,657.971,696.671,#N/A,,,,,,,
218,CVN AU Equity,CARNARVON PETROLEUM LTD,AUD,#N/A,0.533,0.987,1.366,0.9745,0.9428,1.0902,3.6736,63.033,100.758,65.23,54.75,30.411,18.304,23.193,0,0,0,0,0,0,#N/A,,,,,,,
219,PAR AU Equity,PARADIGM BIOPHARMACEUTICALS,AUD,#N/A,#N/A,#N/A,#N/A,#N/A,#N/A,#N/A,#N/A,#N/A,#N/A,#N/A,#N/A,#N/A,#N/A,0,0,0,0,0,0,0,#N/A,,,,,,,
220,AHY AU Equity,ASALEO CARE LTD,AUD,#N/A,#N/A,#N/A,#N/A,#N/A,#N/A,#N/A,#N/A,#N/A,#N/A,#N/A,#N/A,620.375,624.319,629.886,622.216,606.767,416.819,409.3,420.832,#N/A,#N/A,,,,,,,
221,MVP AU Equity,MEDICAL DEVELOPMENTS INTERNA,AUD,#N/A,#N/A,#N/A,#N/A,3.052,5.404,6.5600000000000005,7.396,9.219,8.727,8.296,10.206,11.313,11.733,9.37,11.608,15.471,18.347,17.461,20.876,22.535,#N/A,,,,,,,
222,IMD AU Equity,IMDEX LTD,AUD,22.072,28.543,30.66,30.623,39.371,40.051,66.614,103.849,142.009,136.968,134.253,205.163,269.563,232.791,183.485,142.299,143.346,176.225,218.475,243.655,237.691,#N/A,,,,,,,
223,DTL AU Equity,DATA#3 LTD,AUD,130.353,126.349,171.532,192.609,175.515,196.495,238.968,284.659,362.858,529.665,598.6,696.158,809.487,769.826,832.095,869.443,982.51,1097.379,1180.409,1414.352,1625.941,#N/A,,,,,,,
224,NCK AU Equity,NICK SCALI LTD,AUD,#N/A,22.7878,30.2771,36.119,43.392,54.217,64.532,77.202,78.84,77.507,96.365,100.015,109.391,127.431,141.442,155.743,203.045,232.908,250.768,268.025,262.48,#N/A,,,,,,,
225,IRI AU Equity,INTEGRATED RESEARCH LTD,AUD,#N/A,28.102,32.237,27.51,30.072,33.113,34.523,36.377,37.384,42.684,38.201,44.592,48.608,48.859,53.243,70.279,84.532,91.169,91.175,100.82,110.913,#N/A,,,,,,,
226,OCL AU Equity,OBJECTIVE CORPORATION LTD,AUD,13.455,8.075,12.813,14.98,26.795,33.327,36.944,30.731,31.882,39.444,40.961,39.394,39.02,40.232,48.007,49.435,49.651,62.334,62.735,61.55,69.637,#N/A,,,,,,,
227,BWX AU Equity,BWX LTD,AUD,#N/A,#N/A,#N/A,#N/A,#N/A,#N/A,#N/A,#N/A,#N/A,#N/A,#N/A,#N/A,#N/A,#N/A,#N/A,27.8217,54.265,72.7,148.711,149.519,187.688,#N/A,,,,,,,
228,BUB AU Equity,BUBS AUSTRALIA LTD,AUD,0.07,0.067,0.0496,0.028,0.0276,0.0276,0.7807,0,0,0,0,0,0,0,0,0,3.6593,3.9453,16.9063,43.9149,54.645,#N/A,,,,,,,
229,AD8 AU Equity,AUDINATE GROUP LTD,AUD,#N/A,#N/A,#N/A,#N/A,#N/A,#N/A,#N/A,#N/A,#N/A,#N/A,#N/A,#N/A,#N/A,#N/A,#N/A,8.0355,11.9035,15.0628,19.6535,28.313,30.317,#N/A,,,,,,,
230,UWL AU Equity,UNITI GROUP LTD,AUD,#N/A,#N/A,#N/A,#N/A,#N/A,#N/A,#N/A,#N/A,#N/A,#N/A,#N/A,#N/A,#N/A,#N/A,#N/A,#N/A,#N/A,1.931,4.095,14.336,58.216,#N/A,,,,,,,
231,SWM AU Equity,SEVEN WEST MEDIA LTD,AUD,329.931,319.03,295.913,317.373,347.228,371.621,394.675,446.126,469.929,418.03,408.691,725.691,1937.107,1866.457,1844.92,1770.295,1720.541,1673.575,1620.618,1423.388,1226.371,#N/A,,,,,,,
232,CCX AU Equity,CITY CHIC COLLECTIVE LTD,AUD,236.155,646.734,963.596,1049.726,1109.934,463.581,510.215,521.807,537.799,560.286,556.414,570.03,572.185,569.007,684.629,791.398,826.141,125.245,132.14,148.682,195.426,#N/A,,,,,,,
233,SXY AU Equity,SENEX ENERGY LTD,AUD,#N/A,#N/A,#N/A,0.139,1.3052000000000001,3.951,9.7454,7.994,6.2254,10.7757,11.9708,10.642,67.075,142.457,170.862,115.91,69.287,43.649,71.454,95.35,121.519,#N/A,,,,,,,
234,MAQ AU Equity,MACQUARIE TELECOM GROUP LTD,AUD,193.79,219.377,228.37,234.453,226.51,230.527,248.989,254.607,244.894,241.637,235.992,226.71,218.863,206.081,196.667,192.077,202.641,219.658,233.112,244.044,265.524,#N/A,,,,,,,
235,JLG AU Equity,JOHNS LYNG GROUP LTD,AUD,#N/A,#N/A,#N/A,#N/A,#N/A,#N/A,#N/A,#N/A,#N/A,#N/A,#N/A,#N/A,#N/A,#N/A,#N/A,227.8904,242.3114,249.728,290.362,335.085,495.113,#N/A,,,,,,,
236,WGN AU Equity,WAGNERS HOLDING CO LTD,AUD,#N/A,#N/A,#N/A,#N/A,#N/A,#N/A,#N/A,#N/A,#N/A,#N/A,#N/A,#N/A,#N/A,#N/A,#N/A,250.6665,195.3201,192.652,231.53,236.888,249.668,#N/A,,,,,,,
237,PWH AU Equity,PWR HOLDINGS LTD,AUD,#N/A,#N/A,#N/A,#N/A,#N/A,#N/A,#N/A,#N/A,#N/A,#N/A,#N/A,#N/A,#N/A,16.6238,22.4782,32.5257,47.3476,48.1175,51.889,65.411,65.731,#N/A,,,,,,,
238,HT1 AU Equity,HT&E LTD,AUD,596.309,571.989,1004.391,1117.451,1255.993,1337.869,1292.877,1314.573,1193.398,1030.666,1059.085,842.142,822.964,817.226,843.157,259.033,298.603,259.928,271.777,252.691,#N/A,#N/A,,,,,,,
239,WPP AU Equity,WPP AUNZ LTD,AUD,#N/A,#N/A,#N/A,3.947,10.613,36.026,83.944,209.381,298.732,272.637,307.236,310.734,345.665,404.618,451.902,474.066,902.644,1060.47,853.488,835.874,#N/A,#N/A,,,,,,,
240,ECX AU Equity,ECLIPX GROUP LTD,AUD,#N/A,#N/A,#N/A,#N/A,#N/A,#N/A,#N/A,#N/A,#N/A,#N/A,#N/A,#N/A,0,0,285.678,479.568,504.837,604.517,690.534,713.029,#N/A,#N/A,,,,,,,
241,ELO AU Equity,ELMO SOFTWARE LTD,AUD,#N/A,#N/A,#N/A,#N/A,#N/A,#N/A,#N/A,#N/A,#N/A,#N/A,#N/A,#N/A,#N/A,#N/A,#N/A,#N/A,#N/A,16.564,26.52,40.053,50.051,#N/A,,,,,,,
242,NGI AU Equity,NAVIGATOR GLOBAL INVESTMENTS,AUD,#N/A,#N/A,#N/A,#N/A,#N/A,13.9888,36.4178,75.3029,111.0078,115.081,73.24,70.0951,65.2595,64.4981,70.5441,84.7272,97.8946,97.2229,117.2825,161.1534,153.2586,#N/A,,,,,,,
243,PET AU Equity,PHOSLOCK ENVIRONMENTAL TECHN,AUD,#N/A,#N/A,#N/A,#N/A,0.4982,0.0994,0.7651,1.033,0.7219,0.6154,1.5869,1.7492999999999999,1.0482,1.3133,1.1042,0.8386,1.7306,3.8254,18.6882,24.5364,#N/A,#N/A,,,,,,,
244,MYS AU Equity,MYSTATE LTD,AUD,#N/A,#N/A,#N/A,#N/A,#N/A,#N/A,#N/A,#N/A,151.8103,146.1871,155.5823,187.3559,241.4499,241.323,212.586,216.92,217.863,218.704,219.668,233.134,217.668,#N/A,,,,,,,
245,SPL AU Equity,STARPHARMA HOLDINGS LTD,AUD,#N/A,#N/A,#N/A,#N/A,#N/A,0.616,0.5713,0.8595,0,2.019,1.404,1.144,0.925,0.86,0.273,0.804,3.767,2.992,3.8120000000000003,1.651,6.033,#N/A,,,,,,,
246,CLV AU Equity,CLOVER CORP LTD,AUD,8.066,8.84,9.654,11.077,17.073,14.326,17.292,16.469,21.619,21.121,34.937,34.937,38.387,44.098,27.19,29.921,42.92,47.864,62.961,76.682,88.281,#N/A,,,,,,,
247,AKP AU Equity,AUDIO PIXELS HOLDINGS LTD,AUD,#N/A,#N/A,#N/A,#N/A,#N/A,0.0807,0.1688,0.2021,0.173,0.1839,0.3297,0.1278,0.1328,0.1619,0.1376,0,0,0,0,0.1218,#N/A,#N/A,,,,,,,
248,PPK AU Equity,PPK GROUP LTD,AUD,68.761,69.453,71.776,74.495,73.817,9.3,3.016,2.8369999999999997,4.251,4.867,4.746,6.102,7.711,5.002,12.568,29.576999999999998,26.66,29.218,35.107,38.921,39.847,#N/A,,,,,,,
249,AEF AU Equity,AUSTRALIAN ETHICAL INVT LTD,AUD,#N/A,#N/A,5.902,5.9511,7.6808,7.4223,9.6617,12.4671,14.0644,13.1314,14.0679,15.744,14.7928,16.3784,19.889,21.171,23.04,28.305,35.992,40.977,49.902,#N/A,,,,,,,
250,BBN AU Equity,BABY BUNTING GROUP LTD,AUD,#N/A,#N/A,#N/A,#N/A,#N/A,#N/A,#N/A,#N/A,#N/A,#N/A,#N/A,#N/A,#N/A,125.537,150.158,180.175,236.84,278.027,304.459,368.006,405.173,#N/A,,,,,,,
251,MNY AU Equity,MONEY3 CORP LTD,AUD,#N/A,#N/A,#N/A,#N/A,#N/A,#N/A,0.009,0.009,7.4964,9.0008,10.9905,13.4578,15.4033,22.7454,43.385,69.014,96.661,109.638,73.618,91.703,124.034,#N/A,,,,,,,
252,OPC AU Equity,OPTICOMM LTD,AUD,#N/A,#N/A,#N/A,#N/A,#N/A,#N/A,#N/A,#N/A,#N/A,#N/A,#N/A,#N/A,#N/A,#N/A,#N/A,#N/A,#N/A,#N/A,#N/A,62.259,73.04,#N/A,,,,,,,
253,MNF AU Equity,MNF GROUP LTD,AUD,#N/A,#N/A,#N/A,#N/A,#N/A,#N/A,1.6034000000000002,3.2759,6.8088999999999995,9.7836,12.092,13.6049,38.292,46.209,59.306,85.675,161.217,191.752,220.728,215.587,230.913,#N/A,,,,,,,
254,RED AU Equity,RED 5 LTD,AUD,#N/A,#N/A,#N/A,#N/A,#N/A,#N/A,#N/A,0,0,0,0,0,4.2778,28.5084,0.0708,27.6589,97.2978,68.5158,76.8622,153.965,200.332,#N/A,,,,,,,
255,SRV AU Equity,SERVCORP LTD,AUD,58.665,120.05,114.337,111.327,104.247,120.684,141.203,162.754,181.617,219.394,161.573,175.284,192.179,198.754,233.681,268.715,321.347,316.277,309.502,334.875,349.116,#N/A,,,,,,,
256,VHT AU Equity,VOLPARA HEALTH TECHNOLOGIES,AUD,#N/A,#N/A,#N/A,#N/A,#N/A,#N/A,#N/A,#N/A,#N/A,#N/A,#N/A,#N/A,0.2834,0.6953,1.3102,2.2312,2.4077,1.9283000000000001,2.5981,4.6697,12.0069,#N/A,,,,,,,
257,CMM AU Equity,CAPRICORN METALS LTD,AUD,#N/A,#N/A,#N/A,#N/A,#N/A,#N/A,#N/A,#N/A,#N/A,0.7417,0.6753,0.8011,4.0701,0.6196,1.8157999999999999,0.4986,0.2481,0.1892,0.1862,0.1598,0.2955,#N/A,,,,,,,
258,MYR AU Equity,MYER HOLDINGS LTD,AUD,#N/A,#N/A,#N/A,#N/A,#N/A,#N/A,#N/A,#N/A,#N/A,2894.415,2928.856,2776.332,2726.151,2747.535,2740.936,2785.774,2801.843,2641.826,2572.287,2498.633,2159.4,#N/A,,,,,,,
259,HUO AU Equity,HUON AQUACULTURE GROUP LTD,AUD,#N/A,#N/A,#N/A,#N/A,#N/A,#N/A,#N/A,#N/A,#N/A,#N/A,#N/A,#N/A,133.7749,152.1597,188.3516,191.73,233.743,259.493,317.896,281.955,339.869,#N/A,,,,,,,
260,TLX AU Equity,TELIX PHARMACEUTICALS LTD,AUD,#N/A,#N/A,#N/A,#N/A,#N/A,#N/A,#N/A,#N/A,#N/A,#N/A,#N/A,#N/A,#N/A,#N/A,#N/A,#N/A,#N/A,0,0.1951,3.485,#N/A,#N/A,,,,,,,
261,SST AU Equity,STEAMSHIPS TRADING COMPANY,AUD,204.3418,184.3917,177.6732,147.1775,132.1831,155.943,146.8824,164.0741,209.2772,234.677,318.2818,381.2106,462.6727,383.8257,386.8393,373.261,314.7651,228.6938,236.4914,248.579,#N/A,#N/A,,,,,,,
262,ADH AU Equity,ADAIRS LTD,AUD,#N/A,#N/A,#N/A,#N/A,#N/A,#N/A,#N/A,#N/A,#N/A,#N/A,#N/A,#N/A,133.926,143.91,167.917,210.878,253.182,264.964,314.769,344.43,388.933,#N/A,,,,,,,
263,BFG AU Equity,BELL FINANCIAL GROUP LTD,AUD,#N/A,#N/A,#N/A,#N/A,#N/A,#N/A,179.855,229.437,175.691,215.772,207.669,149.755,136.973,159.766,155.299,177.755,186.743,208.578,220.016,254.47,#N/A,#N/A,,,,,,,
264,AMI AU Equity,AURELIA METALS LTD,AUD,#N/A,#N/A,#N/A,#N/A,#N/A,#N/A,#N/A,0.0639,0.0639,0,0,0,0,0,0,13.2202,91.945,108.565,248.599,295.002,331.819,#N/A,,,,,,,
265,GXY AU Equity,GALAXY RESOURCES LTD,AUD,#N/A,#N/A,#N/A,#N/A,#N/A,#N/A,#N/A,#N/A,#N/A,0,0,0.1874,9.4353,0,0,0,0,125.6556,206.1729,100.0153,#N/A,#N/A,,,,,,,
266,VRT AU Equity,VIRTUS HEALTH LTD,AUD,#N/A,#N/A,#N/A,#N/A,#N/A,#N/A,#N/A,#N/A,#N/A,#N/A,#N/A,131.431,164.686,186.129,200.9,233.922,261.067,256.391,263.78,279.958,258.904,#N/A,,,,,,,
267,OMH AU Equity,OM HOLDINGS LTD,AUD,#N/A,#N/A,#N/A,#N/A,#N/A,214.671,183.833,290.49,574.065,280.335,307.463,389.737,408.229,423.662,532.74,338.463,414.243,988.182,1510.416,1026.454,#N/A,#N/A,,,,,,,
268,DCN AU Equity,DACIAN GOLD LTD,AUD,#N/A,#N/A,#N/A,#N/A,#N/A,#N/A,#N/A,#N/A,#N/A,#N/A,#N/A,#N/A,#N/A,0,0,0.0009,0,0,0,132.821,270.047,#N/A,,,,,,,
269,IGL AU Equity,IVE GROUP LTD,AUD,#N/A,#N/A,#N/A,#N/A,#N/A,#N/A,#N/A,#N/A,#N/A,#N/A,#N/A,#N/A,#N/A,276.5,303.5,307.703,369.231,496.873,695.361,723.597,691.538,#N/A,,,,,,,
270,SLC AU Equity,SUPERLOOP LTD,AUD,#N/A,#N/A,#N/A,#N/A,#N/A,#N/A,#N/A,#N/A,#N/A,#N/A,#N/A,#N/A,#N/A,#N/A,#N/A,0,6.1981,59.2905,115.491,117.338,106.644,#N/A,,,,,,,
271,STX AU Equity,STRIKE ENERGY LTD,AUD,#N/A,#N/A,#N/A,#N/A,#N/A,0,3.6387,8.6553,15.999,36.434,14.353,8.296,4.716,4.589,4.268,2.6959999999999997,0,0,0,0,0,#N/A,,,,,,,
272,OFX AU Equity,OFX GROUP LTD,AUD,#N/A,#N/A,#N/A,#N/A,#N/A,#N/A,#N/A,#N/A,#N/A,#N/A,31.324,39.757,44.675,55.737,91,97.501,112.908,115.232,120.585,130.23,138.341,#N/A,,,,,,,
273,ANO AU Equity,ADVANCE NANOTEK LTD,AUD,#N/A,#N/A,#N/A,#N/A,#N/A,1.5025,2.6710000000000003,2.7866999999999997,3.0186,3.6284,4.42,5.2883,4.2477,4.2844,3.7239,4.2189,4.3852,4.9293,6.5838,12.2604,17.9674,#N/A,,,,,,,
274,NXS AU Equity,NEXT SCIENCE LTD,AUD,#N/A,#N/A,#N/A,#N/A,#N/A,#N/A,#N/A,#N/A,#N/A,#N/A,#N/A,#N/A,#N/A,#N/A,#N/A,#N/A,0.1188,0.6306,3.8099,5.8426,#N/A,#N/A,,,,,,,
275,PFP AU Equity,PROPEL FUNERAL PARTNERS LTD,AUD,#N/A,#N/A,#N/A,#N/A,#N/A,#N/A,#N/A,#N/A,#N/A,#N/A,#N/A,#N/A,#N/A,#N/A,#N/A,#N/A,22.4119,46.072,80.869,95.125,110.845,#N/A,,,,,,,
276,ALK AU Equity,ALKANE RESOURCES LTD,AUD,13.752,12.9782,10.28,3.1936,1.188,0.5519,0.23,0.23,0.23,0.3937,0.191,0.043,0.044,0,23.281,101.941,109.134,117.338,128.799,92.513,72.549,#N/A,,,,,,,
277,AQZ AU Equity,ALLIANCE AVIATION SERVICES L,AUD,#N/A,#N/A,#N/A,#N/A,#N/A,#N/A,#N/A,#N/A,#N/A,109.7682,96.5171,127.587,184.242,223.217,200.196,199.456,182.649,200.643,247.638,277.115,298.619,#N/A,,,,,,,
278,RIC AU Equity,RIDLEY CORP LTD,AUD,986.534,1287.306,1298.373,1391.486,1162.552,1153.099,1258.675,758.128,837.866,818.498,727.968,723.702,635.792,716.318,873.625,907.599,912.561,852.923,917.66,1002.583,967.942,#N/A,,,,,,,
279,CVW AU Equity,CLEARVIEW WEALTH LTD,AUD,#N/A,#N/A,#N/A,#N/A,12.811,80.388,33.211,34.196,17.662,4.643,-4.124,225.142,140.444,291.811,270.743,326.458,291.158,395.935,413.402,453.837,286.491,#N/A,,,,,,,
280,INR AU Equity,IONEER LTD,AUD,#N/A,#N/A,#N/A,#N/A,#N/A,#N/A,#N/A,#N/A,#N/A,0,0,0,0,0,0,0,0,0,0,0,0,#N/A,,,,,,,
281,TBR AU Equity,TRIBUNE RESOURCES LTD,AUD,#N/A,#N/A,2.716,23.951,24.5954,2.5475,21.961,36.5118,33.8352,34.3066,48.7556,62.5737,60.4099,105.9529,98.5363,87.6726,117.9829,136.5471,179.9285,364.5398,180.4144,#N/A,,,,,,,
282,PAC AU Equity,PACIFIC CURRENT GROUP LTD,AUD,3.9592,0.277,5.927,11.771,30.7407,44.4996,51.63,59.968,7.1811,4.1684,5.9393,4.5549,3.8748,3.8994,3.1688,205.5182,5.6027000000000005,45.6094,149.393,135.361,72.474,#N/A,,,,,,,
283,PGL AU Equity,PROSPA GROUP LTD,AUD,#N/A,#N/A,#N/A,#N/A,#N/A,#N/A,#N/A,#N/A,#N/A,#N/A,#N/A,#N/A,#N/A,#N/A,#N/A,#N/A,24.4,56.346,103.467,119.627,141.958,#N/A,,,,,,,
284,TPW AU Equity,TEMPLE & WEBSTER GROUP LTD,AUD,#N/A,#N/A,#N/A,#N/A,#N/A,#N/A,#N/A,#N/A,#N/A,#N/A,#N/A,#N/A,#N/A,9.2805,18.7269,26.119,50.829,64.481,72.595,101.613,176.342,#N/A,,,,,,,
285,NTO AU Equity,NITRO SOFTWARE LTD,AUD,#N/A,#N/A,#N/A,#N/A,#N/A,#N/A,#N/A,#N/A,#N/A,#N/A,#N/A,#N/A,#N/A,#N/A,#N/A,#N/A,#N/A,36.3526,43.4053,51.3241,#N/A,#N/A,,,,,,,
286,ASG AU Equity,AUTOSPORTS GROUP LTD,AUD,#N/A,#N/A,#N/A,#N/A,#N/A,#N/A,#N/A,#N/A,#N/A,#N/A,#N/A,#N/A,#N/A,#N/A,#N/A,#N/A,976.756,906.034,1691.98,1693.618,1701.688,#N/A,,,,,,,
287,BGL AU Equity,BELLEVUE GOLD LTD,AUD,#N/A,#N/A,#N/A,#N/A,#N/A,0.237,0.3111,0.3334,0.1544,0.0343,0.0029,0.0018,0.0013,0,0,0,0,0,0,0,0,#N/A,,,,,,,
288,CAT AU Equity,CATAPULT GROUP INTERNATIONAL,AUD,#N/A,#N/A,#N/A,#N/A,#N/A,#N/A,#N/A,#N/A,#N/A,#N/A,#N/A,#N/A,#N/A,#N/A,4.7722,11.261,17.3686,60.783,76.793,95.375,100.733,#N/A,,,,,,,
289,RBL AU Equity,REDBUBBLE LTD,AUD,#N/A,#N/A,#N/A,#N/A,#N/A,#N/A,#N/A,#N/A,#N/A,#N/A,#N/A,#N/A,#N/A,27.4671,48.561,71.07,114.578,140.961,218.718,306.954,416.257,#N/A,,,,,,,
290,HE8 AU Equity,HELIOS ENERGY LTD,AUD,#N/A,#N/A,#N/A,#N/A,#N/A,#N/A,#N/A,#N/A,#N/A,#N/A,#N/A,0,0,0.0238,0.0087,0.0132,0.0085,0.0164,0.0491,0,0.238,#N/A,,,,,,,
291,RHP AU Equity,RHIPE LTD,AUD,#N/A,#N/A,56.1357,57.9741,89.8349,116.089,140.972,154.846,151.763,173.944,130.626,50.365,0,51.343,74.548,108.769,137.12,156.97,35.624,48.356,55.828,#N/A,,,,,,,
292,GRR AU Equity,GRANGE RESOURCES LTD,AUD,14.369,21.324,24.321,6.439,26.8221,3.9374000000000002,7.4432,3.6938,178.248,356.486,229.066,410.432,331.308,281.072,297.155,205.562,276.345,247.877,368.204,368.601,#N/A,#N/A,,,,,,,
293,MLD AU Equity,MACA LTD,AUD,#N/A,#N/A,#N/A,#N/A,#N/A,#N/A,#N/A,#N/A,69.5885,78.6942,150.1099,247.5395,333.51,474.047,591.643,598.444,429.495,496.442,558.252,657.664,792.532,#N/A,,,,,,,
294,FAR AU Equity,FAR LTD,AUD,3.385,4.152,2.516,2.542,2.4657,3.5187,3,1.9630999999999998,2.6736,1.2993000000000001,1.0296,0.0658,0.1017,0,0,0,0,0,0,0,#N/A,#N/A,,,,,,,
295,PSQ AU Equity,PACIFIC SMILES GROUP LTD,AUD,#N/A,#N/A,#N/A,#N/A,#N/A,#N/A,#N/A,#N/A,#N/A,#N/A,#N/A,#N/A,55.6409,60.0738,59.0812,74.898,83.337,91.471,104.528,122.156,120.055,#N/A,,,,,,,
296,SMR AU Equity,STANMORE COAL LTD,AUD,#N/A,#N/A,#N/A,#N/A,#N/A,#N/A,#N/A,#N/A,#N/A,#N/A,0,0,0,0,0,0,12.7,137.846,208.081,403.059,364.485,#N/A,,,,,,,
297,FLC AU Equity,FLUENCE CORP LTD,AUD,#N/A,#N/A,#N/A,#N/A,#N/A,#N/A,24.99,66.855,125.031,79.114,90.209,90.157,4.323,5.497,0,0,1.0528,41.3493,135.1096,87.7109,#N/A,#N/A,,,,,,,
298,MHJ AU Equity,MICHAEL HILL INTERNATIONAL L,AUD,#N/A,#N/A,#N/A,#N/A,#N/A,#N/A,#N/A,#N/A,#N/A,#N/A,#N/A,#N/A,#N/A,440.159,483.875,503.321,550.544,551.083,575.539,569.5,492.06,#N/A,,,,,,,
299,BLX AU Equity,BEACON LIGHTING GROUP LTD,AUD,#N/A,#N/A,#N/A,#N/A,#N/A,#N/A,#N/A,#N/A,#N/A,#N/A,#N/A,#N/A,129.0232,140.257,154.519,183.129,196.663,217.372,237.68,247.125,253.024,#N/A,,,,,,,
300,MCP AU Equity,MCPHERSON'S LTD,AUD,235.776,265.143,252.97,248.669,328.967,324.071,315.445,319.548,333.941,357.381,354.218,289.976,276.28,299.199,352.697,349.069,312.586,211.157,210.43,210.337,222.186,#N/A,,,,,,,
301,AGI AU Equity,AINSWORTH GAME TECHNOLOGY LT,AUD,#N/A,1.071,21.659,31.905,63.727,82.037,85.27,30.977,49.563,45.164,69.278,97.963,150.647,198.147,244.118,240.643,285.477,282.08,265.584,234.344,149.396,#N/A,,,,,,,
302,BSE AU Equity,BASE RESOURCES LTD,AUD,#N/A,#N/A,#N/A,#N/A,#N/A,#N/A,#N/A,#N/A,#N/A,0.0026,0,0,0,0,29.115,145.501,169.039,215.495,256.5796,292.9726,310.2912,#N/A,,,,,,,
303,JHC AU Equity,JAPARA HEALTHCARE LTD,AUD,#N/A,#N/A,#N/A,#N/A,#N/A,#N/A,#N/A,#N/A,#N/A,#N/A,#N/A,#N/A,221.7,229.9,229.9,278.262,325.276,353.998,361.523,394.937,422.242,#N/A,,,,,,,
304,FLN AU Equity,FREELANCER LTD,AUD,#N/A,#N/A,#N/A,#N/A,#N/A,#N/A,#N/A,#N/A,#N/A,#N/A,4.7017,6.3948,10.6,18.689,25.908,38.423,52.619,50.233,51.825,57.97,#N/A,#N/A,,,,,,,
305,CVC AU Equity,CVC LTD,AUD,#N/A,#N/A,#N/A,#N/A,#N/A,#N/A,#N/A,#N/A,#N/A,#N/A,#N/A,#N/A,#N/A,#N/A,#N/A,#N/A,38.1449,9.423,38.4111,47.8568,5.0462,#N/A,,,,,,,
306,KSL AU Equity,KINA SECURITIES LTD,AUD,#N/A,#N/A,#N/A,#N/A,#N/A,#N/A,#N/A,#N/A,#N/A,#N/A,#N/A,#N/A,48.0353,51.3198,28.368,38.2219,55.4964,56.7197,75.9826,100.9153,#N/A,#N/A,,,,,,,
307,AMS AU Equity,ATOMOS LTD,AUD,#N/A,#N/A,#N/A,#N/A,#N/A,#N/A,#N/A,#N/A,#N/A,#N/A,#N/A,#N/A,#N/A,#N/A,#N/A,#N/A,#N/A,31.091,35.648,53.716,44.74,#N/A,,,,,,,
308,AVJ AU Equity,AVJENNINGS LTD,AUD,645.893,544.403,460.395,525.821,550.046,477.224,460.596,631.299,514.95,353.312,266.954,214.943,188.328,157.97,250.113,317.04,421.358,400.772,372.167,296.467,262.354,#N/A,,,,,,,
309,NEU AU Equity,NEUREN PHARMACEUTICALS LTD,AUD,#N/A,#N/A,#N/A,#N/A,1.4823,0.4251,0.1673,0.1673,0.1673,0.0465,0,0,0,0,0,0,0,0,0,0,#N/A,#N/A,,,,,,,
310,ABA AU Equity,AUSWIDE BANK LTD,AUD,59.596,75.142,71.7217,79.095,92.2131,108.7252,122.6139,137.3977,173.7851,184.1849,174.6925,203.8099,197.6824,165.7249,144.4412,136.4575,133.396,136.131,138.281,145.816,136.211,#N/A,,,,,,,
311,IMA AU Equity,IMAGE RESOURCES NL,AUD,#N/A,#N/A,#N/A,#N/A,#N/A,#N/A,#N/A,#N/A,#N/A,0.5338,0.618,1.0669,0.5781,0.8866,0.1238,0,0,0,0,146.196,#N/A,#N/A,,,,,,,
312,MVF AU Equity,MONASH IVF GROUP LTD,AUD,#N/A,#N/A,#N/A,#N/A,#N/A,#N/A,#N/A,#N/A,#N/A,#N/A,#N/A,82.5,89.8,96.598,114.012,124.955,156.561,155.182,150.638,151.98,145.417,#N/A,,,,,,,
313,NVL AU Equity,NATIONAL VETERINARY CARE LTD,AUD,#N/A,#N/A,#N/A,#N/A,#N/A,#N/A,#N/A,#N/A,#N/A,#N/A,#N/A,#N/A,#N/A,#N/A,#N/A,#N/A,44.214,66.797,82.375,118.313,#N/A,#N/A,,,,,,,
314,CGL AU Equity,CITADEL GROUP LTD/THE,AUD,#N/A,#N/A,#N/A,#N/A,#N/A,#N/A,#N/A,#N/A,#N/A,#N/A,#N/A,#N/A,53.2,49.6,49.563,72.314,74.874,97.125,105.449,98.232,121.285,#N/A,,,,,,,
315,CL1 AU Equity,CLASS LTD,AUD,#N/A,#N/A,#N/A,#N/A,#N/A,#N/A,#N/A,#N/A,#N/A,#N/A,#N/A,#N/A,#N/A,5.5434,9.9375,15.5984,22.563,28.893,33.978,38.283,43.904,#N/A,,,,,,,
316,BYE AU Equity,BYRON ENERGY LTD,AUD,#N/A,#N/A,#N/A,#N/A,#N/A,#N/A,#N/A,#N/A,#N/A,#N/A,#N/A,#N/A,2.1197,0.226,0,0,0,0,12.3179,53.9524,36.3501,#N/A,,,,,,,
317,PPE AU Equity,PEOPLE INFRASTRUCTURE LTD,AUD,#N/A,#N/A,#N/A,#N/A,#N/A,#N/A,#N/A,#N/A,#N/A,#N/A,#N/A,#N/A,#N/A,#N/A,#N/A,#N/A,#N/A,#N/A,219.3908,278.1388,371.1524,#N/A,,,,,,,
318,OTW AU Equity,OVER THE WIRE HOLDINGS LTD,AUD,#N/A,#N/A,#N/A,#N/A,#N/A,#N/A,#N/A,#N/A,#N/A,#N/A,#N/A,#N/A,#N/A,14.708,17.584,20.701,23.611,34.217,53.561,79.589,87.611,#N/A,,,,,,,
319,FRI AU Equity,FINBAR GROUP LTD,AUD,25.675,14.843,20.646,13.007,9.8322,5.329,8.14,11.5831,76.7465,54.6279,154.4485,54.0855,92.891,136.4101,275.2478,89.3604,102.6575,123.7093,150.7365,154.6901,154.307,#N/A,,,,,,,
320,CYL AU Equity,CATALYST METALS LTD,AUD,#N/A,#N/A,#N/A,#N/A,#N/A,#N/A,#N/A,#N/A,#N/A,0.0329,0.0011,0,0.002,0,0,0,0,0,0,0,0.2257,#N/A,,,,,,,
321,NET AU Equity,NETLINKZ LTD,AUD,#N/A,#N/A,#N/A,#N/A,#N/A,#N/A,#N/A,#N/A,#N/A,4.7633,15.1309,0,0,0,0,0.4313,0.2854,0.084,0.0964,0.5555,5.2533,#N/A,,,,,,,
322,SDG AU Equity,SUNLAND GROUP LTD,AUD,147.31,126.118,201.78,213.015,383.332,193.773,480.14,620.088,486.516,489.239,236.461,253.701,209.012,188.259,187.394,288.414,258.137,404.612,326.976,281.621,161.778,#N/A,,,,,,,
323,SO4 AU Equity,SALT LAKE POTASH LTD,AUD,#N/A,#N/A,#N/A,#N/A,#N/A,#N/A,#N/A,0.1332,0.6106,0,0,0,0,0,0,0,0,0,0,0,0,#N/A,,,,,,,
324,SDA AU Equity,SPEEDCAST INTERNATIONAL LTD,AUD,#N/A,#N/A,#N/A,#N/A,#N/A,#N/A,#N/A,#N/A,#N/A,#N/A,#N/A,#N/A,#N/A,94.0255,130.627,223.2401,293.2401,671.0012,834.5752,1039.2549,#N/A,#N/A,,,,,,,
325,HFR AU Equity,HIGHFIELD RESOURCES LTD,AUD,#N/A,#N/A,#N/A,#N/A,#N/A,#N/A,#N/A,#N/A,#N/A,#N/A,#N/A,#N/A,0,0,0,0,0,0,0,0,#N/A,#N/A,,,,,,,
326,MCR AU Equity,MINCOR RESOURCES NL,AUD,#N/A,16.388,63.509,77.668,85.683,121.178,174.593,329.595,321.029,186.706,180.195,147.486,118.61,96.641,107.991,84.395,18.003,0,0,40.676,21.437,#N/A,,,,,,,
327,RFG AU Equity,RETAIL FOOD GROUP LTD,AUD,#N/A,#N/A,#N/A,#N/A,14.417,24.288,24.984,28.204,123.722,144.036,133.871,125.31,116.143,140.702,168.157,246.981,274.612,348.494,198.46,271.359,236.392,#N/A,,,,,,,
328,LYL AU Equity,LYCOPODIUM LTD,AUD,#N/A,#N/A,#N/A,#N/A,#N/A,68.142,83.1531,103.6579,119.516,146.1417,119.6876,168.6171,231.0649,245.0103,154.0637,121.8839,123.251,214.9769,192.6852,151.1416,206.6558,#N/A,,,,,,,
329,DUB AU Equity,DUBBER CORP LTD,AUD,2.315,6.15,2.18,2.16,3.0099,1.2456,2.0611,1.7469000000000001,2.3358,0,0,0,0,0,0,0.0622,0.4577,0.5108,1.5027,5.5475,9.6498,#N/A,,,,,,,
330,ED1 AU Equity,EVANS DIXON LTD,AUD,#N/A,#N/A,#N/A,#N/A,#N/A,#N/A,#N/A,#N/A,#N/A,#N/A,#N/A,#N/A,#N/A,#N/A,#N/A,#N/A,169.945,217.7084,294.8949,229.552,203.174,#N/A,,,,,,,
331,MOZ AU Equity,MOSAIC BRANDS LTD,AUD,64.517,68.546,76.47,85.907,97.074,108.966,117.388,123.814,127.859,120.388,117.368,117.286,119.705,121.511,112.136,110.399,110.363,316.612,364.152,864.493,736.777,#N/A,,,,,,,
332,LEG AU Equity,LEGEND MINING LTD,AUD,2.749,1.186,0,1.245,23.7827,4.5918,0.4514,0,0,0.5,0.5075,0.5,0.0202,0,0,0,0,0,0,0,#N/A,#N/A,,,,,,,
333,MAD AU Equity,MADER GROUP LTD,AUD,#N/A,#N/A,#N/A,#N/A,#N/A,#N/A,#N/A,#N/A,#N/A,#N/A,#N/A,#N/A,#N/A,#N/A,#N/A,#N/A,0,78.8521,156.208,228.645,#N/A,#N/A,,,,,,,
334,PAN AU Equity,PANORAMIC RESOURCES LTD,AUD,#N/A,#N/A,#N/A,#N/A,0,139.081,241.545,299.288,232.447,225.123,283.448,243.445,228.82,180.634,237.459,197.897,91.641,8.409,0.794,25.112,69.097,#N/A,,,,,,,
335,CDD AU Equity,CARDNO LTD,AUD,#N/A,32.4117,39.8203,44.5942,20.643,99.107,185.819,264.171,396.176,514.37,475.803,829.253,963.946,1193.931,1308.619,1185.949,1164.613,1182.03,1116.975,936.875,978.268,#N/A,,,,,,,
336,BTH AU Equity,BIGTINCAN HOLDINGS LTD,AUD,#N/A,#N/A,#N/A,#N/A,#N/A,#N/A,#N/A,#N/A,#N/A,#N/A,#N/A,#N/A,#N/A,#N/A,3.1783,5.1735,7.0147,9.23,13.143,19.882,31.006,#N/A,,,,,,,
337,FDV AU Equity,FRONTIER DIGITAL VENTURES LT,AUD,#N/A,#N/A,#N/A,#N/A,#N/A,#N/A,#N/A,#N/A,#N/A,#N/A,#N/A,#N/A,#N/A,#N/A,0.028,0,2.0987999999999998,9.1929,12.6325,15.3478,#N/A,#N/A,,,,,,,
338,PPS AU Equity,PRAEMIUM LTD,AUD,#N/A,#N/A,#N/A,#N/A,#N/A,#N/A,2.4812,4.2499,6.3758,8.5014,11.8376,12.8721,12.9004,14.0171,17.9408,22.1397,28.2782,34.0641,42.1663,44.1411,50.154,#N/A,,,,,,,
339,FMS AU Equity,FLINDERS MINES LTD,AUD,#N/A,#N/A,#N/A,#N/A,#N/A,#N/A,#N/A,#N/A,#N/A,0,0,0,0,0,0,0,0,0,0,0,0,#N/A,,,,,,,
340,SPT AU Equity,SPLITIT PAYMENTS LTD,AUD,#N/A,#N/A,#N/A,#N/A,#N/A,#N/A,#N/A,#N/A,#N/A,#N/A,#N/A,#N/A,#N/A,#N/A,#N/A,#N/A,0.1773,0.3398,1.058,2.3689,#N/A,#N/A,,,,,,,
341,SVY AU Equity,STAVELY MINERALS LTD,AUD,#N/A,#N/A,#N/A,#N/A,#N/A,#N/A,#N/A,#N/A,#N/A,#N/A,#N/A,0,0,0,0,0,0,0,0,0,0,#N/A,,,,,,,
342,SFC AU Equity,SCHAFFER CORP LTD,AUD,43.569,38.392,204.06,215.803,192.35,138.382,141.397,143.771,195.292,169.099,121.42,130.562,152.39,138.067,163.494,157.223,213.524,188.456,226.727,203.623,155.573,#N/A,,,,,,,
343,PDN AU Equity,PALADIN ENERGY LTD,AUD,#N/A,#N/A,#N/A,#N/A,0,0,0,4.2029,104.8652,152.453,229.8189,271.2227,354.9771,400.0987,358.2443,238.6784,254.0341,127.1401,94.105,30.0601,0,#N/A,,,,,,,
344,APD AU Equity,APN PROPERTY GROUP LTD,AUD,#N/A,#N/A,#N/A,#N/A,#N/A,62.753,23.7,43.127,36.695,26.074,19.904,20.862,19.258,17.849,23.146,25.079,17.094,20.382,19.111,18.745,18.58,#N/A,,,,,,,
345,FWD AU Equity,FLEETWOOD CORP LTD,AUD,74.709,114.645,158.433,188.462,251.23,261.799,252.415,314.04,343.532,354.587,291.091,465.829,382.01,332.947,366.289,302,284.297,262.301,266.816,315.088,324.866,#N/A,,,,,,,
346,PCK AU Equity,PAINCHEK LTD,AUD,#N/A,#N/A,#N/A,#N/A,#N/A,#N/A,#N/A,#N/A,#N/A,#N/A,#N/A,#N/A,0.0193,0.0816,0,0,0,0,0.0244,0.135,0.2482,#N/A,,,,,,,
347,VTG AU Equity,VITA GROUP LTD,AUD,#N/A,#N/A,#N/A,#N/A,143.871,110.242,181.069,197.298,310.237,297.42,291.663,386.891,410.362,434.724,450.054,541.509,645.112,674.641,684.547,753.675,773.098,#N/A,,,,,,,
348,MMI AU Equity,METRO MINING LTD,AUD,#N/A,#N/A,#N/A,#N/A,#N/A,#N/A,#N/A,#N/A,#N/A,0.0453,0,0.0725,0.2052,0.503,0.3483,0,0,0,118.539,199,#N/A,#N/A,,,,,,,
349,SYR AU Equity,SYRAH RESOURCES LTD,AUD,#N/A,#N/A,#N/A,#N/A,#N/A,#N/A,#N/A,#N/A,#N/A,0,0,0,0.0225,0.004,0,0,0,0,0,103.8597,#N/A,#N/A,,,,,,,
350,KSC AU Equity,K & S CORP LTD,AUD,250.743,224.443,267.303,293.257,295.722,340.81,367.092,417.984,466.091,440.714,454.105,523.275,554.561,564.382,585.963,699.091,688.727,755.212,844.112,905.165,790.629,#N/A,,,,,,,
351,DNK AU Equity,DANAKALI LTD,AUD,#N/A,#N/A,#N/A,#N/A,#N/A,#N/A,#N/A,#N/A,#N/A,0,0,0,0,0,0,0,0,0,0,0,#N/A,#N/A,,,,,,,
352,KLL AU Equity,KALIUM LAKES LTD,AUD,#N/A,#N/A,#N/A,#N/A,#N/A,#N/A,#N/A,#N/A,#N/A,#N/A,#N/A,#N/A,#N/A,#N/A,#N/A,#N/A,0,0,0,0,0,#N/A,,,,,,,
353,BRL AU Equity,BATHURST RESOURCES LTD,AUD,#N/A,#N/A,#N/A,#N/A,#N/A,#N/A,#N/A,#N/A,#N/A,0,0,6.109,26.078,0,50.2309,51.289,50.879,41.591,47.817,49.4664,47.011,#N/A,,,,,,,
354,EGN AU Equity,ENGENCO LTD,AUD,#N/A,#N/A,#N/A,#N/A,#N/A,#N/A,#N/A,68.233,343.44,310.681,188.355,198.963,198.849,175.985,140.162,126.846,132.631,129.192,157.306,174.776,177.991,#N/A,,,,,,,
355,ATU AU Equity,ATRUM COAL LTD,AUD,#N/A,#N/A,#N/A,#N/A,#N/A,#N/A,#N/A,#N/A,#N/A,#N/A,#N/A,#N/A,0,0,0,0,0,0,0,0,#N/A,#N/A,,,,,,,
356,AMX AU Equity,AEROMETREX LTD,AUD,#N/A,#N/A,#N/A,#N/A,#N/A,#N/A,#N/A,#N/A,#N/A,#N/A,#N/A,#N/A,#N/A,#N/A,#N/A,#N/A,#N/A,9.706,13.129,16.109,20.091,#N/A,,,,,,,
357,GTN AU Equity,GTN LTD,AUD,#N/A,#N/A,#N/A,#N/A,#N/A,#N/A,#N/A,#N/A,#N/A,#N/A,#N/A,#N/A,#N/A,125.004,138.049,153.484,166.124,177.289,185.013,184.969,160.94,#N/A,,,,,,,
358,SOM AU Equity,SOMNOMED LTD,AUD,#N/A,#N/A,#N/A,#N/A,0.0281,0.3771,1.7859,2.2735,3.6582,7.7378,10.7142,12.3357,15.2465,18.4889,30.2746,34.4379,44.0842,49.327,52.3936,58.892,57.2963,#N/A,,,,,,,
359,ALC AU Equity,ALCIDION GROUP LTD,AUD,#N/A,#N/A,#N/A,#N/A,#N/A,#N/A,#N/A,#N/A,#N/A,#N/A,#N/A,#N/A,0.1076,0.1102,0.264,0.1137,0,3.4581,4.1795,16.8643,18.6083,#N/A,,,,,,,
360,TER AU Equity,TERRACOM LTD,AUD,#N/A,#N/A,#N/A,#N/A,#N/A,#N/A,#N/A,#N/A,#N/A,#N/A,#N/A,0,0,0,0,0,9.9022,22.494,147.141,275.058,316.858,#N/A,,,,,,,
361,RUL AU Equity,RPMGLOBAL HOLDINGS LTD,AUD,#N/A,#N/A,#N/A,#N/A,#N/A,17.3637,26.0909,38.566,118.671,80.881,78.136,93.239,106.309,78.458,63.811,66.073,56.788,74.791,73.704,80.093,78.743,#N/A,,,,,,,
362,PNR AU Equity,PANTORO LTD,AUD,56.824,56.824,56.824,56.824,56.824,56.824,56.824,56.824,56.824,0.4043,0.0351,0.0281,0.1274,0.1198,0,0.0109,19.8058,63.9068,87.1819,77.0379,82.1354,#N/A,,,,,,,
363,SNL AU Equity,SUPPLY NETWORK LTD,AUD,21.194,21.882,26.344,30.291,33.434,35.051,34.663,34.519,38.662,40.328,43.103,50.501,60.767,67.679,81.216,85.332,87.176,97.625,112.065,123.882,136.827,#N/A,,,,,,,
364,PYC AU Equity,PYC THERAPEUTICS LTD,AUD,#N/A,#N/A,#N/A,#N/A,#N/A,0.0526,0.4887,0.9433,0.8744,1.2749,0.5963,2.3585,1.9184,0.7119,0.6987,0.8134,0,2.7603,0,0,0,#N/A,,,,,,,
365,QIP AU Equity,QANTM INTELLECTUAL PROPERTY,AUD,#N/A,#N/A,#N/A,#N/A,#N/A,#N/A,#N/A,#N/A,#N/A,#N/A,#N/A,#N/A,#N/A,#N/A,90.1,97.1,80.133,99.52,101.716,112.17,116.568,#N/A,,,,,,,
366,A2B AU Equity,A2B AUSTRALIA LTD,AUD,473.173,539.813,580.7589,633.645,681.106,100.708,117.849,137.424,159.776,173.404,174.297,184.402,192.283,196.29,196.978,187.647,168.808,151.949,185.543,197.943,170.894,#N/A,,,,,,,
367,GLL AU Equity,GALILEE ENERGY LTD,AUD,#N/A,#N/A,#N/A,#N/A,#N/A,0.0934,4.4239,3.9759,5.9841999999999995,20.431,0,0,0,0,0,0,0,0,0,0,0,#N/A,,,,,,,
368,SRG AU Equity,SRG GLOBAL LTD,AUD,#N/A,#N/A,#N/A,#N/A,#N/A,#N/A,#N/A,33.1675,69.053,84.946,91.096,145.212,212.244,200.311,160.128,150.508,184.549,186.623,239.22,486.391,519.957,#N/A,,,,,,,
369,FSA AU Equity,FSA GROUP LTD,AUD,#N/A,1.3780000000000001,1.3780000000000001,10.387,13.6576,13.9221,21.4112,29.5386,30.3089,38.8303,38.4736,40.4252,44.9296,47.0427,47.7708,52.5545,50.6848,55.3662,48.2028,47.4893,41.7463,#N/A,,,,,,,
370,NCZ AU Equity,NEW CENTURY RESOURCES LTD,AUD,#N/A,#N/A,#N/A,#N/A,#N/A,#N/A,#N/A,#N/A,#N/A,#N/A,0,0,0,0,0,0,0,0,0,0,0,#N/A,,,,,,,
371,FID AU Equity,FIDUCIAN GROUP LTD,AUD,#N/A,#N/A,#N/A,#N/A,#N/A,#N/A,#N/A,#N/A,#N/A,#N/A,#N/A,#N/A,#N/A,#N/A,#N/A,26.253,35.451,40.752,45.873,49.404,54.904,#N/A,,,,,,,
372,CAJ AU Equity,CAPITOL HEALTH LTD,AUD,#N/A,#N/A,#N/A,#N/A,#N/A,#N/A,0.1546,0.1546,13.4133,28.2844,35.1051,45.1511,51.541,61.6183,88.7612,110.2201,104.294,107.356,119.033,149.238,153.791,#N/A,,,,,,,
373,MWY AU Equity,MIDWAY LTD,AUD,#N/A,#N/A,#N/A,#N/A,#N/A,#N/A,#N/A,#N/A,#N/A,#N/A,#N/A,#N/A,#N/A,#N/A,#N/A,142.2644,208.504,209.214,231.912,283.645,257.76,#N/A,,,,,,,
374,BSA AU Equity,BSA LTD,AUD,44.612,82.712,55.514,68.233,100.14,118.874,130.564,158.973,243.882,240.941,330.919,402.574,491.764,474.18,491.512,543.693,511.856,492.317,427.873,469.484,486.107,#N/A,,,,,,,
375,RAP AU Equity,RESAPP HEALTH LTD,AUD,#N/A,#N/A,#N/A,#N/A,#N/A,#N/A,0.1421,0.1421,0.1421,0.0005,0,0.0284,0.0609,0.0166,0.0015,0.1506,0,1.1434,0,0,0,#N/A,,,,,,,
376,EZL AU Equity,EUROZ LTD,AUD,1.415,4.87,8.249,7.759,22.275,30.0645,48.3809,56.4056,120.7392,39.5535,53.5487,62.1416,52.7148,36.7046,59.8327,13.9351,33.1975,63.0381,82.6523,32.8684,48.0961,#N/A,,,,,,,
377,VVA AU Equity,VIVA LEISURE LTD,AUD,#N/A,#N/A,#N/A,#N/A,#N/A,#N/A,#N/A,#N/A,#N/A,#N/A,#N/A,#N/A,#N/A,#N/A,#N/A,#N/A,18.4265,20.7155,24.1016,31.0699,40.3671,#N/A,,,,,,,
378,MML AU Equity,MEDUSA MINING LTD,AUD,#N/A,#N/A,#N/A,#N/A,#N/A,#N/A,4.9,10.7822,17.6295,57.0178,106.6528,150.7795,78.3685,98.0485,91.3937,147.9337,175.8455,132.6758,160.6845,180.8839,220.5121,#N/A,,,,,,,
379,SLM AU Equity,SALMAT LTD,AUD,#N/A,#N/A,#N/A,285.411,326.865,407.491,526.796,601.869,811.975,890.779,878.791,863.027,507.438,461.754,447.074,496.118,449.831,258.486,250.194,250.185,#N/A,#N/A,,,,,,,
380,MRM AU Equity,MMA OFFSHORE LTD,AUD,14.523,26.344,47.678,25.234,33.8156,48.289,65.276,99.479,143.586,161.841,193.773,285.268,380.358,449.49,594.597,796.666,481.123,221.766,200.444,239.259,273.011,#N/A,,,,,,,
381,PCG AU Equity,PENGANA CAPITAL GROUP LTD,AUD,#N/A,4.065,14.153,12.073,28.4563,26.722,37.0168,63.214,51.609,36.976,39.054,35.738,27.426,21.906,19.565,23.415,35.41,44.242,53.882,44.53,46.191,#N/A,,,,,,,
382,SHJ AU Equity,SHINE JUSTICE LTD,AUD,#N/A,#N/A,#N/A,#N/A,#N/A,#N/A,#N/A,#N/A,#N/A,#N/A,#N/A,75.8559,88.23,105.189,115.5193,150.5962,151.2546,159.447,174.385,177.602,180.799,#N/A,,,,,,,
383,WSP AU Equity,WHISPIR LTD,AUD,#N/A,#N/A,#N/A,#N/A,#N/A,#N/A,#N/A,#N/A,#N/A,#N/A,#N/A,#N/A,#N/A,#N/A,#N/A,#N/A,#N/A,21.509,27.8239,31.148,39.095,#N/A,,,,,,,
384,CLH AU Equity,COLLECTION HOUSE LTD,AUD,20.489,56.257,117.407,119.336,116.528,125.117,134.349,79.961,93.832,100.015,34.258,31.809,37.757,39.375,44.219,48.491,62.13,70.588,84.928,85.638,81.461,#N/A,,,,,,,
385,MOC AU Equity,MORTGAGE CHOICE LTD,AUD,#N/A,42.162,53.873,76.383,102.887,108.788,141.07,157.118,161.391,192.895,171.328,169.506,157.048,155.399,178.464,184.795,197.44,199.797,217.808,177.355,175.379,#N/A,,,,,,,
386,HZN AU Equity,HORIZON OIL LTD,AUD,3.309,4.319,3,0.18,0.271,0.3284,0.17,0.1707,0.0894,11.0756,54.5192,60.1881,48.8724,46.8416,150.8483,124.9276,104.3301,90.9126,129.1145,171.2061,125.3376,#N/A,,,,,,,
387,NTU AU Equity,NORTHERN MINERALS LTD,AUD,#N/A,#N/A,#N/A,#N/A,#N/A,#N/A,#N/A,#N/A,#N/A,0.0056,0,0.0007,0.063,2.7123,8.9967,5.1313,1.8773,3.6158,4.5466,2.0001,28.4022,#N/A,,,,,,,
388,EGG AU Equity,ENERO GROUP LTD,AUD,#N/A,2.6004,8.8506,21.537,33.3558,107.029,169.508,307.328,574.375,653.455,587.259,399.081,334.554,247.97,212.623,212.332,213.632,180.666,200.039,230.032,268.741,#N/A,,,,,,,
389,GGG AU Equity,GREENLAND MINERALS LTD,AUD,#N/A,#N/A,#N/A,#N/A,#N/A,#N/A,#N/A,#N/A,0.009,0.166,0.397,0.362,0.077,0.041,0.571,0.112,0.049,0.082,0.07,0,#N/A,#N/A,,,,,,,
390,RMY AU Equity,RMA GLOBAL LTD,AUD,#N/A,#N/A,#N/A,#N/A,#N/A,#N/A,#N/A,#N/A,#N/A,#N/A,#N/A,#N/A,#N/A,#N/A,#N/A,#N/A,0.5982,2.505,6.135,7.3098,7.4179,#N/A,,,,,,,
391,CLQ AU Equity,CLEAN TEQ HOLDINGS LTD,AUD,#N/A,#N/A,#N/A,#N/A,#N/A,#N/A,#N/A,3.6470000000000002,12.231,8.247,17.004,3.907,11.975,10.39,1.303,0.7,1.3439999999999999,1.159,4.209,4.697,1.168,#N/A,,,,,,,
392,88E AU Equity,88 ENERGY LTD,AUD,1.3940000000000001,1.4148,1.062,0,0,0,0,0,0,0,0,0,0,0,0.1758,0,0,0,0,0,#N/A,#N/A,,,,,,,
393,COI AU Equity,COMET RIDGE LTD,AUD,#N/A,#N/A,#N/A,#N/A,0.0662,0.0662,0.0662,0.0662,0.0662,0.32,0.32,0.32,0.32,0.32,0,0,0,0,0,0,0,#N/A,,,,,,,
394,PGC AU Equity,PARAGON CARE LTD,AUD,8.029,34.092,29.318,29.318,29.318,0.2496,0.6779,0.3676,0.3676,1.1004,9.405,16.3165,15.7186,17.0655,19.3551,32.1925,93.2979,117.1422,117.2,236.009,231.689,#N/A,,,,,,,
395,CDV AU Equity,CARDINAL RESOURCES LTD,AUD,#N/A,#N/A,#N/A,#N/A,#N/A,#N/A,#N/A,#N/A,#N/A,#N/A,#N/A,0,0,0,0,0,0.0134,0,0,0.3659,0.1591,#N/A,,,,,,,
396,PBP AU Equity,PROBIOTEC LTD,AUD,#N/A,#N/A,#N/A,#N/A,#N/A,26.0048,41.4804,53.9919,66.0685,87.133,74.7692,71.7701,66.0462,67.3326,68.2146,63.3102,65.607,60.6494,66.4373,73.2366,107.22,#N/A,,,,,,,
397,LTR AU Equity,LIONTOWN RESOURCES LTD,AUD,#N/A,#N/A,#N/A,#N/A,#N/A,#N/A,#N/A,#N/A,#N/A,0.0609,0.0825,0.1175,0.0628,0.0589,0.007,0,0.0503,0.0071,0.0016,0.0015,0.0005,#N/A,,,,,,,
398,AVG AU Equity,AUSTRALIAN VINTAGE LTD,AUD,62.141,76.75,99.461,283.45,305.708,363.7,310.42,286.699,264.98,288.308,237.663,223.217,227.962,208.549,214.753,230.896,242.686,226.45,249.476,269.166,267.138,#N/A,,,,,,,
399,GSS AU Equity,GENETIC SIGNATURES LTD,AUD,#N/A,#N/A,#N/A,#N/A,#N/A,#N/A,#N/A,#N/A,#N/A,#N/A,#N/A,#N/A,0.2196,0.257,0.6843,1.0433,1.825,2.0377,2.8401,4.8659,11.263,#N/A,,,,,,,
400,DTC AU Equity,DAMSTRA HOLDINGS LTD,AUD,#N/A,#N/A,#N/A,#N/A,#N/A,#N/A,#N/A,#N/A,#N/A,#N/A,#N/A,#N/A,#N/A,#N/A,#N/A,#N/A,#N/A,#N/A,#N/A,15.2783,19.576999999999998,#N/A,,,,,,,
401,SXE AU Equity,SOUTHERN CROSS ELECTRICAL,AUD,#N/A,#N/A,#N/A,#N/A,#N/A,44.1613,64.182,81.0558,84.1739,100.3219,97.3758,101.7797,219.983,277.979,218.22,238.329,207.623,199.915,347.874,386.031,415.104,#N/A,,,,,,,
402,ONT AU Equity,1300 SMILES LTD,AUD,#N/A,#N/A,#N/A,3.5755,4.7433,5.339,6.0451,8.1125,15.105,21.933,23.139,28.138,35.846,35.605,31.231,36.358,35.88,35.769,38.684,39.955,39.347,#N/A,,,,,,,
403,BLY AU Equity,BOART LONGYEAR LTD,AUD,#N/A,#N/A,#N/A,#N/A,#N/A,#N/A,1485.0901,1883.2094,2201.4554,1251.0719,1607.8352,1957.9418,1943.0749,1267.5768,961.9371,979.2696,864.1579,964.485,1031.5639,1071.8648,#N/A,#N/A,,,,,,,
404,TGN AU Equity,TUNGSTEN MINING NL,AUD,#N/A,#N/A,#N/A,#N/A,#N/A,#N/A,#N/A,#N/A,#N/A,#N/A,#N/A,#N/A,0,0.0673,0,0.0217,0,0.0005,0.2491,0.1593,0.7439,#N/A,,,,,,,
405,RND AU Equity,RAND MINING LTD,AUD,#N/A,#N/A,0.826,8.085,8.1586,1.5528,7.9459,11.0044,13.1691,11.7419,15.0833,13.0555,15.2853,26.8538,28.627,24.3136,32.0903,34.786,44.7915,79.4242,2.54,#N/A,,,,,,,
406,WGO AU Equity,WARREGO ENERGY LTD,AUD,#N/A,#N/A,#N/A,#N/A,#N/A,#N/A,#N/A,#N/A,#N/A,0,0,0,0,0.1112,0.1387,0.1657,0.0906,0,0,0,0,#N/A,,,,,,,
407,CCV AU Equity,CASH CONVERTERS INTL LTD,AUD,20.425,12.999,15.051,19.081,22.3413,18.2547,22.1829,45.98,74.4059,83.2598,108.1472,148.2327,174.4265,191.6406,218.7015,179.8871,214.3195,270.882,260.345,281.565,279.008,#N/A,,,,,,,
408,DWS AU Equity,DWS LTD,AUD,#N/A,#N/A,#N/A,#N/A,#N/A,#N/A,45.384,63.314,87.602,88.501,95.653,98.386,109.664,109.053,94.397,94.632,144.494,137.438,126.098,163.496,167.948,#N/A,,,,,,,
409,IMU AU Equity,IMUGENE LTD,AUD,0.339,0.034,0.034,0.504,0.1236,0,0.0667,0.0638,0.025,2.9474,2.9474,2.227,0.2359,0,0,0,0,0,0,0,0,#N/A,,,,,,,
410,EWC AU Equity,ENERGY WORLD CORP LTD,AUD,27.712,31.946,23.378,22.185,7.808,7.063,7.015,56.55,85.3444,129.3892,106.1745,111.8543,141.1878,129.5049,173.0697,212.9069,257.4585,235.8229,204.1538,208.6403,237.541,#N/A,,,,,,,
411,RDY AU Equity,READYTECH HOLDINGS LTD,AUD,#N/A,#N/A,#N/A,#N/A,#N/A,#N/A,#N/A,#N/A,#N/A,#N/A,#N/A,#N/A,#N/A,#N/A,#N/A,#N/A,23.472,27.23,25.626,32.711,39.254,#N/A,,,,,,,
412,CMP AU Equity,COMPUMEDICS LTD,AUD,#N/A,16.639,19.747,32.056,33.9634,38.157,37.584,36.65,38.576,38.37,32.361,30.854,27.915,27.15,30.841,33.495,37.544,34.417,37.002,41.505,35.069,#N/A,,,,,,,
413,COG AU Equity,CONSOLIDATED OPERATIONS GROU,AUD,#N/A,#N/A,#N/A,#N/A,#N/A,#N/A,#N/A,#N/A,#N/A,#N/A,#N/A,#N/A,#N/A,#N/A,5.5283999999999995,9.7,16.295,81.115,164.387,216.585,217.846,#N/A,,,,,,,
414,EXP AU Equity,EXPERIENCE CO LTD,AUD,#N/A,#N/A,#N/A,#N/A,#N/A,#N/A,#N/A,#N/A,#N/A,#N/A,#N/A,#N/A,#N/A,15.385,18.026,26.32,58.473,89.566,135.3,161.296,87.402,#N/A,,,,,,,
415,CSV AU Equity,CSG LTD,AUD,#N/A,#N/A,#N/A,#N/A,#N/A,#N/A,#N/A,75.865,132.676,195.13,264.236,200.908,182.26,156.897,173.929,193.161,213.128,210.428,194.59,192.689,#N/A,#N/A,,,,,,,
416,PO3 AU Equity,PURIFLOH LTD,AUD,#N/A,#N/A,#N/A,#N/A,#N/A,#N/A,#N/A,#N/A,0,0,0,0,0,0,0,0,0,0,0.0561,0,0,#N/A,,,,,,,
417,PAL AU Equity,PALLA PHARMA LTD,AUD,#N/A,#N/A,#N/A,#N/A,#N/A,#N/A,#N/A,#N/A,#N/A,#N/A,#N/A,#N/A,9.6833,15.4879,8.3904,3.6791,10.5564,22.2632,46.5634,54.8435,#N/A,#N/A,,,,,,,
418,JRV AU Equity,JERVOIS MINING LTD,AUD,#N/A,#N/A,#N/A,#N/A,0.8805,1.2995,0.524,1.4961,1.7530000000000001,1.7244000000000002,0.9866,0.0102,0.0016,0,0,0,0.0089,0.0271,0,0,0,#N/A,,,,,,,
419,BOC AU Equity,BOUGAINVILLE COPPER LTD,AUD,#N/A,#N/A,#N/A,#N/A,#N/A,#N/A,#N/A,#N/A,#N/A,0,0,0,0,0,0,0,0,0,0,0,#N/A,#N/A,,,,,,,
420,REX AU Equity,REGIONAL EXPRESS HOLDINGS LT,AUD,#N/A,#N/A,#N/A,#N/A,110.518,142.071,169.71,222.772,254.844,243.58,222.428,226.858,264.01,249.263,241.681,248.547,261.906,280.967,295.537,317.649,321.82,#N/A,,,,,,,
421,MTO AU Equity,MOTORCYCLE HOLDINGS LTD,AUD,#N/A,#N/A,#N/A,#N/A,#N/A,#N/A,#N/A,#N/A,#N/A,#N/A,#N/A,#N/A,#N/A,157.6435,173.818,172.319,209.279,235.278,301.751,315.054,348.588,#N/A,,,,,,,
422,ANG AU Equity,AUSTIN ENGINEERING LTD,AUD,#N/A,#N/A,#N/A,#N/A,15.47,38.261,48.6856,57.3108,105.266,178.897,143.41,203.089,289.719,288.683,209.727,185.928,188.142,214.888,275.181,230.83,230.351,#N/A,,,,,,,
423,ICQ AU Equity,ICAR ASIA LTD,AUD,#N/A,#N/A,#N/A,#N/A,#N/A,#N/A,#N/A,#N/A,#N/A,#N/A,#N/A,#N/A,0.3063,1.3464,2.8142,6.2776,6.6634,9.1115,11.5559,14.8413,#N/A,#N/A,,,,,,,
424,KPT AU Equity,KANGAROO ISLAND PLANTATION T,AUD,5.369,10.042,9.691,0.299,1.5030000000000001,1.5030000000000001,1.5030000000000001,1.5030000000000001,1.5030000000000001,1.5030000000000001,1.5030000000000001,0.024,0.187,0.395,0.019,0,0.075,0.142,0.147,0.215,0.061,#N/A,,,,,,,
425,M7T AU Equity,MACH7 TECHNOLOGIES LTD,AUD,#N/A,#N/A,#N/A,#N/A,#N/A,0.051,0.051,0.855,1.5177,0.1056,0.0557,0.0158,0,0,0,0.1439,1.8589,10.2689,8.6443,9.3471,18.8622,#N/A,,,,,,,
426,TTT AU Equity,TITOMIC LTD,AUD,#N/A,#N/A,#N/A,#N/A,#N/A,#N/A,#N/A,#N/A,#N/A,#N/A,#N/A,#N/A,#N/A,#N/A,#N/A,#N/A,0,0,0.2679,1.4748999999999999,2.0064,#N/A,,,,,,,
427,CUP AU Equity,COUNTPLUS LTD,AUD,#N/A,#N/A,#N/A,#N/A,#N/A,#N/A,#N/A,#N/A,#N/A,#N/A,#N/A,97.923,107.411,114.665,123.106,124.55,138.629,112.324,104.366,71.173,95.863,#N/A,,,,,,,
428,SGH AU Equity,SLATER & GORDON LTD,AUD,#N/A,#N/A,#N/A,#N/A,#N/A,#N/A,42.3509,62.009,78.643,101.961,123.307,180.485,216.354,294.21,411.813,517.445,891.47,181.473,161.472,159.461,177.246,#N/A,,,,,,,
429,GNG AU Equity,GR ENGINEERING SERVICES LTD,AUD,#N/A,#N/A,#N/A,#N/A,#N/A,#N/A,#N/A,#N/A,106.1634,79.074,128.2174,142.5116,152.8379,114.6954,114.1829,216.8926,255.2917,238.6905,283.6026,182.2561,222.4018,#N/A,,,,,,,
430,CGR AU Equity,CML GROUP LTD,AUD,#N/A,#N/A,#N/A,#N/A,#N/A,#N/A,#N/A,6.9998000000000005,7.5774,9.4803,16.7995,16.4843,71.932,100.701,139.345,23.219,26.949,39.834,46.614,47.675,46.864,#N/A,,,,,,,
431,ARA AU Equity,ARIADNE AUSTRALIA LTD,AUD,68.046,126.55,82.923,104.095,97.555,49.527,26.169,29.388,85.967,14.594,13.77,12.36,19.245,28.107,24.168,12.11,14.785,11.566,10.85,8.08,8.732,#N/A,,,,,,,
432,POS AU Equity,POSEIDON NICKEL LTD,AUD,#N/A,0.033,0.3185,0,0,0,0,0,0,0,0,0,0,0,0,0,0,0,0,0,0,#N/A,,,,,,,
433,AJM AU Equity,ALTURA MINING LTD,AUD,#N/A,#N/A,7.473,11.608,13.3468,13.355,3.3048,3.335,8.541,13.788,8.014,7.955,9.443,7.042,7.445,4.745,1.35,1.271,1.165,39.399,#N/A,#N/A,,,,,,,
434,3PL AU Equity,3P LEARNING LTD,AUD,#N/A,#N/A,#N/A,#N/A,#N/A,#N/A,#N/A,#N/A,#N/A,#N/A,#N/A,23.7,28.5,31.746,36.161,44.247,49.264,52.455,55.367,54.415,54.955,#N/A,,,,,,,
435,MSV AU Equity,MITCHELL SERVICES LTD,AUD,#N/A,#N/A,#N/A,#N/A,#N/A,#N/A,#N/A,#N/A,24.319,25.705,21.6317,24.1214,36.4036,25.9039,14.0685,25.122,32.9658,40.2982,72.687,120.2051,175.5544,#N/A,,,,,,,
436,HAS AU Equity,HASTINGS TECHNOLOGY METALS L,AUD,#N/A,#N/A,#N/A,#N/A,#N/A,#N/A,#N/A,#N/A,#N/A,0,0,0,0,0,0,0,0,0,0,0,0,#N/A,,,,,,,
437,DCG AU Equity,DECMIL GROUP LTD,AUD,#N/A,#N/A,#N/A,#N/A,#N/A,2.6106,29.141,38.102,91.337,254.638,328.235,392.095,550.347,526.535,617.727,669.715,299.836,276.972,341.608,551.432,451.308,#N/A,,,,,,,
438,EEG AU Equity,EMPIRE ENERGY GROUP LTD,AUD,4.3629999999999995,4.564,5.215,0.923,0.923,0.923,0.923,1.1064,1.1919,1.2873,11.0649,27.1298,25.7367,26.8331,26.1635,24.2913,19.5577,18.1949,8.83,7.7645,#N/A,#N/A,,,,,,,
439,A4N AU Equity,ALPHA HPA LTD,AUD,#N/A,#N/A,#N/A,#N/A,#N/A,#N/A,#N/A,#N/A,#N/A,0.0787,0,0,0,0,0,0,0,0,0,0,0,#N/A,,,,,,,
440,MRC AU Equity,MINERAL COMMODITIES LTD,AUD,#N/A,#N/A,#N/A,#N/A,#N/A,#N/A,#N/A,#N/A,#N/A,0.9954,0,0,0,0,36.9315,61.8603,36.4796,81.7039,74.2018,88.8929,#N/A,#N/A,,,,,,,
441,TLG AU Equity,TALGA RESOURCES LTD,AUD,#N/A,#N/A,#N/A,#N/A,#N/A,#N/A,#N/A,#N/A,#N/A,#N/A,0.0069,0.1794,0.1801,0.0634,0.0089,0.1045,0.0897,0.0015,0,0,0,#N/A,,,,,,,
442,AYS AU Equity,AMAYSIM AUSTRALIA LTD,AUD,#N/A,#N/A,#N/A,#N/A,#N/A,#N/A,#N/A,#N/A,#N/A,#N/A,#N/A,#N/A,32.5,73.5,127.895,212.323,253.537,326.68,551.583,508.318,490.502,#N/A,,,,,,,
443,PNC AU Equity,PIONEER CREDIT LTD,AUD,#N/A,#N/A,#N/A,#N/A,#N/A,#N/A,#N/A,#N/A,#N/A,#N/A,#N/A,4.6613,9.587,16.673000000000002,25.761,38.788,47.856,56.308,81.547,61.144,62.255,#N/A,,,,,,,
444,G1A AU Equity,GALENA MINING LTD,AUD,#N/A,#N/A,#N/A,#N/A,#N/A,#N/A,#N/A,#N/A,#N/A,#N/A,#N/A,#N/A,#N/A,#N/A,#N/A,#N/A,#N/A,0,0.0619,1.4219,0.5356,#N/A,,,,,,,
445,CXL AU Equity,CALIX LTD,AUD,#N/A,#N/A,#N/A,#N/A,#N/A,#N/A,#N/A,#N/A,#N/A,#N/A,#N/A,#N/A,#N/A,#N/A,#N/A,#N/A,13.8776,3.5909,4.101,3.2942,14.0634,#N/A,,,,,,,
446,BCN AU Equity,BEACON MINERALS LTD,AUD,#N/A,#N/A,#N/A,#N/A,#N/A,#N/A,#N/A,#N/A,#N/A,#N/A,#N/A,0,0,0,2.5263999999999998,13.4607,2.9471,7.4642,0,0,42.8339,#N/A,,,,,,,
447,ELX AU Equity,ELLEX MEDICAL LASERS LTD,AUD,0.007,0,27.354,25.95,24.665,26.939,34.584,44.404,50.315,58.298,47.405,43.116,47.503,42.804,54.378,62.679,72.913,71.635,79.25,16.14,12.769,#N/A,,,,,,,
448,LNG AU Equity,LIQUEFIED NATURAL GAS LTD,AUD,#N/A,#N/A,#N/A,#N/A,#N/A,#N/A,#N/A,0.0174,0.0174,0,0,0,0,0,0,0,0,0.367,0.326,0,#N/A,#N/A,,,,,,,
449,CSD AU Equity,CONSOLIDATED TIN MINES LTD,AUD,#N/A,#N/A,#N/A,#N/A,#N/A,#N/A,#N/A,#N/A,#N/A,#N/A,#N/A,0,0,0.1797,0.5509,2.4931,3.5532,0.6751,9.788499999999999,26.4871,#N/A,#N/A,,,,,,,
450,OBM AU Equity,ORA BANDA MINING LTD,AUD,#N/A,#N/A,#N/A,#N/A,#N/A,#N/A,#N/A,0,25.39,3.479,0.046,0,0,0,0,0,0,0,16.152,6.429,0,#N/A,,,,,,,
451,VAN AU Equity,VANGO MINING LTD,AUD,#N/A,#N/A,#N/A,#N/A,#N/A,#N/A,#N/A,#N/A,#N/A,#N/A,#N/A,0,0,0,0,0.1,0.0461,0.0205,0,0.0455,0.0686,#N/A,,,,,,,
452,OSL AU Equity,ONCOSIL MEDICAL LTD,AUD,#N/A,#N/A,#N/A,#N/A,#N/A,#N/A,1.4372,1.7584,2.0341,2.3029,0,0,0,0,0,0,0,0,0,0,0,#N/A,,,,,,,
453,CYP AU Equity,CYNATA THERAPEUTICS LTD,AUD,#N/A,#N/A,#N/A,#N/A,#N/A,#N/A,#N/A,0.2076,0.2687,0.2687,0,0.2229,0.1607,0.034,0,0,0,0,0,0,0,#N/A,,,,,,,
454,BDC AU Equity,BARDOC GOLD LTD,AUD,#N/A,#N/A,#N/A,#N/A,#N/A,#N/A,#N/A,#N/A,#N/A,#N/A,0,0,0,0,0,0,0,0,0,0,0,#N/A,,,,,,,
455,EVS AU Equity,ENVIROSUITE LTD,AUD,#N/A,#N/A,#N/A,#N/A,#N/A,#N/A,#N/A,#N/A,2.766,6.573,7.203,9.367,10.52,12.37,9.618,14.805,0,0.161,3.833,7.701,23.857,#N/A,,,,,,,
456,LAU AU Equity,LINDSAY AUSTRALIA LTD,AUD,22.348,4.566,4.245,68.514,149.248,155.948,167.017,180.122,193.076,218.069,219.066,236.557,260.049,282.979,310.369,309.929,324.796,332.858,360.479,386.077,411.515,#N/A,,,,,,,
457,ISU AU Equity,ISELECT LTD,AUD,#N/A,#N/A,#N/A,#N/A,#N/A,#N/A,#N/A,#N/A,#N/A,#N/A,44.1341,73.498,112.886,119.426,124.993,163.78,174.678,187.388,177.989,155.682,124.673,#N/A,,,,,,,
458,SVL AU Equity,SILVER MINES LTD,AUD,#N/A,#N/A,#N/A,#N/A,#N/A,#N/A,#N/A,#N/A,0.2193,0.2193,0.2193,0,0,0,0,0,0,0.0556,0.1098,0.1257,0.1159,#N/A,,,,,,,
459,SPX AU Equity,SPECTRUM METALS LTD,AUD,#N/A,#N/A,#N/A,#N/A,#N/A,#N/A,#N/A,#N/A,#N/A,#N/A,0.6,0,0,0,0,0,0,0,0.0293,0,#N/A,#N/A,,,,,,,
460,BID AU Equity,BIDENERGY LTD,AUD,#N/A,#N/A,#N/A,#N/A,#N/A,#N/A,#N/A,#N/A,#N/A,#N/A,0,0,0,0.0007,0.0435,0,0.0019,2.6212,4.0667,5.3041,9.3876,#N/A,,,,,,,
461,GAS AU Equity,STATE GAS LTD,AUD,#N/A,#N/A,#N/A,#N/A,#N/A,#N/A,#N/A,#N/A,#N/A,#N/A,#N/A,#N/A,#N/A,#N/A,#N/A,#N/A,#N/A,#N/A,0.0518,0.0662,0.0845,#N/A,,,,,,,
462,NMT AU Equity,NEOMETALS LTD,AUD,#N/A,#N/A,#N/A,0,0,0,0.2573,0.4029,1.9725000000000001,3.5935,2.8839,0.3478,0,32.5515,7.8004,0.4195,0,0,0,0,0,#N/A,,,,,,,
463,GRB AU Equity,GAGE ROADS BREWING CO,AUD,#N/A,#N/A,#N/A,#N/A,#N/A,0.0799,1.1287,1.9788999999999999,1.4759,1.3317999999999999,5.8087,15.7754,19.6956,22.6317,27.4302,24.3954,25.502299999999998,27.1645,33.2235,39.7028,36.811,#N/A,,,,,,,
464,ORR AU Equity,ORECORP LTD,AUD,#N/A,#N/A,#N/A,#N/A,#N/A,#N/A,#N/A,#N/A,#N/A,#N/A,#N/A,0.0076,0.4795,0.2869,0.2125,0.0736,0.0485,0.2213,0,0,0,#N/A,,,,,,,
465,ZNO AU Equity,ZOONO GROUP LTD,AUD,#N/A,#N/A,#N/A,#N/A,#N/A,0,0,0,0,0,0,0,0,0,0,0,0,0.7497,2.2398,1.6667,36.3611,#N/A,,,,,,,
466,TNG AU Equity,TNG LTD,AUD,#N/A,1.496,1.553,1.553,1.553,0,0,0,0.9415,0,0,0,0,0,0,0,0,0,0,0,0,#N/A,,,,,,,
467,SFX AU Equity,SHEFFIELD RESOURCES LTD,AUD,#N/A,#N/A,#N/A,#N/A,#N/A,#N/A,#N/A,#N/A,#N/A,#N/A,0,0,0,0,0,0,0,0,0,0,0,#N/A,,,,,,,
468,NWF AU Equity,NEWFIELD RESOURCES LTD,AUD,#N/A,#N/A,#N/A,#N/A,#N/A,#N/A,#N/A,#N/A,#N/A,#N/A,#N/A,#N/A,0,0,0,0,0.5918,0,0,0,0,#N/A,,,,,,,
469,WJA AU Equity,WAMEJA LTD,AUD,#N/A,43.864,42.59,29.58,28.951,38.427,95.004,153.591,177.934,147.246,78.015,42.808,28.07,31.003,31.261,25.866,21.576999999999998,21.576999999999998,11.185,0,#N/A,#N/A,,,,,,,
470,AML AU Equity,AEON METALS LTD,AUD,#N/A,#N/A,#N/A,#N/A,#N/A,#N/A,#N/A,#N/A,#N/A,0,0,0.006,0.164,0.031,0,0,0,0,0,0,0,#N/A,,,,,,,
471,IMM AU Equity,IMMUTEP LTD,AUD,#N/A,#N/A,#N/A,#N/A,0.2086,0.5645,0.152,0,0,0,0,0,0.0258,0,0,0,0,0,2.6305,0.1398,7.4864,#N/A,,,,,,,
472,MAU AU Equity,MAGNETIC RESOURCES NL,AUD,#N/A,#N/A,#N/A,#N/A,#N/A,#N/A,#N/A,#N/A,#N/A,0,0,0,0,0,0,0,0,0,0.5065,0.0018,0.0029,#N/A,,,,,,,
473,CYG AU Equity,COVENTRY GROUP LTD,AUD,339.244,359.5,394.476,394.476,433.911,470.788,501.974,468.33,448.795,419.096,226.23,229.365,242.864,236.493,206.16,190.706,176.784,151.027,168.05,202.346,247.567,#N/A,,,,,,,
474,SDI AU Equity,SDI LTD,AUD,21.979,26.947,34.227,36.699,42.451,45.936,45.153,48.613,49.039,56.424,53.093,54.849,56.402,56.607,65.33,68.655,74.077,74.066,74.535,79.598,67.374,#N/A,,,,,,,
475,AVZ AU Equity,AVZ MINERALS LTD,AUD,#N/A,#N/A,#N/A,#N/A,#N/A,#N/A,#N/A,#N/A,#N/A,0,0,0,0,0,0,0,0,0,0,0.0068,0.1408,#N/A,,,,,,,
476,OVH AU Equity,ONEVUE HOLDINGS LTD,AUD,#N/A,#N/A,#N/A,#N/A,#N/A,#N/A,#N/A,#N/A,#N/A,#N/A,#N/A,#N/A,#N/A,#N/A,13.6812,25.831,26.822,40.981,36.841,49.682,49.268,#N/A,,,,,,,
477,TRS AU Equity,REJECT SHOP LTD/THE,AUD,#N/A,#N/A,145.6491,163.606,180.604,203.098,237.192,280.527,353.012,412.166,470.826,505.056,555.298,617.96,711.534,756.8,799.958,794.036,800.306,793.687,820.645,#N/A,,,,,,,
478,CTP AU Equity,CENTRAL PETROLEUM LTD,AUD,#N/A,#N/A,#N/A,#N/A,#N/A,#N/A,#N/A,0.0157,0.0157,0.7347,0,0,0,0,3.7180999999999997,10.3133,23.8626,24.7941,34.9392,59.3578,65.046,#N/A,,,,,,,
479,MYE AU Equity,MASTERMYNE GROUP LTD,AUD,#N/A,#N/A,#N/A,#N/A,#N/A,#N/A,#N/A,59.349,80.091,89.638,98.122,164.83,271.955,248.836,171.977,174.195,168.434,124.162,190.514,225.593,292.67,#N/A,,,,,,,
480,RHT AU Equity,RESONANCE HEALTH LTD,AUD,7.595,7.595,7.595,7.595,0.0033,0.1216,0.3135,1.8688,1.7221,2.2592,1.8378,1.7459,1.5622,1.5272000000000001,2.2846,2.4435000000000002,2.5477,2.4853,2.8964,3.6245000000000003,3.6682,#N/A,,,,,,,
481,ARU AU Equity,ARAFURA RESOURCES LTD,AUD,#N/A,#N/A,#N/A,#N/A,0.3757,0.075,0.7195,0.7195,0.7195,0,0,0,0,0,0,0,0,0,0,0,0,#N/A,,,,,,,
482,ZEN AU Equity,ZENITH ENERGY LTD/AU,AUD,#N/A,#N/A,#N/A,#N/A,#N/A,#N/A,#N/A,#N/A,#N/A,#N/A,#N/A,#N/A,#N/A,#N/A,#N/A,23.9999,26.4906,30.971,51.429,55.037,#N/A,#N/A,,,,,,,
483,KCN AU Equity,KINGSGATE CONSOLIDATED LTD,AUD,#N/A,#N/A,54.688,94.02,84.41,64.299,72.782,52.044,74.285,113.266,175.777,172.356,357.372,329.282,328.326,194.808,174.412,176.119,0,0,0,#N/A,,,,,,,
484,AHQ AU Equity,ALLEGIANCE COAL LTD,AUD,#N/A,#N/A,#N/A,#N/A,#N/A,#N/A,#N/A,#N/A,#N/A,#N/A,#N/A,0.0008,0,0.0136,0,0.0827,0.0393,0,0,0,0,#N/A,,,,,,,
485,PLL AU Equity,PIEDMONT LITHIUM LTD,AUD,108.293,100.514,72.494,41.337,28.706,0,0.701,0.701,0.701,0.701,0.701,0,0,0,0,0,0,0,0,0,0,#N/A,,,,,,,
486,TWD AU Equity,TAMAWOOD LTD,AUD,15.087,29.869,62.679,79.532,85.078,57.027,67.576,124.913,142.564,122.046,97.365,113.755,130.635,94.609,80.031,95.004,101.624,122.839,123.449,102.748,91.903,#N/A,,,,,,,
487,CYC AU Equity,CYCLOPHARM LTD,AUD,#N/A,#N/A,#N/A,#N/A,#N/A,#N/A,10.3318,11.1282,10.8883,11.0986,9.4646,10.3145,10.7438,11.8821,12.0468,12.5825,14.3855,13.1888,13.4042,14.0788,#N/A,#N/A,,,,,,,
488,BCT AU Equity,BLUECHIIP LTD,AUD,#N/A,#N/A,#N/A,#N/A,#N/A,#N/A,#N/A,0,0,0,0,0,0.0182,0.0848,0.0419,0.0339,0.1557,0.2378,0.5615,1.0251,0.2356,#N/A,,,,,,,
489,GDG AU Equity,GENERATION DEVELOPMENT GROUP,AUD,#N/A,#N/A,#N/A,#N/A,#N/A,#N/A,67.835,66.327,75.781,45.384,35.495,15.264,4.862,4.519,5.856,7.03,7.646,8.407,67.175,94.729,-27.75,#N/A,,,,,,,
490,SPZ AU Equity,SMART PARKING LTD,AUD,#N/A,#N/A,#N/A,#N/A,#N/A,#N/A,#N/A,0.5043,0.5043,0.5043,0.5043,1.3491,12.429,20.4483,21.9448,23.5572,31.7583,24.673000000000002,30.6913,26.9486,21.4991,#N/A,,,,,,,
491,BRI AU Equity,BIG RIVER INDUSTRIES LTD,AUD,#N/A,#N/A,#N/A,#N/A,#N/A,#N/A,#N/A,#N/A,#N/A,#N/A,#N/A,#N/A,#N/A,#N/A,#N/A,149.8893,170.771,177.0892,210.9102,217.7942,248.9241,#N/A,,,,,,,
492,OEL AU Equity,OTTO ENERGY LTD,AUD,#N/A,#N/A,#N/A,#N/A,#N/A,#N/A,#N/A,#N/A,#N/A,0,1.929,0,29.6677,58.6418,0,0,0,0,12.3263,43.7215,34.3502,#N/A,,,,,,,
493,CUE AU Equity,CUE ENERGY RESOURCES LTD,AUD,#N/A,#N/A,#N/A,#N/A,6.3845,6.0101,8.3961,8.022,38.48,30.445,54.7,52.506,41.222,49.798,34.005,36.704,45.412,35,24.547,25.73,23.916,#N/A,,,,,,,
494,GNX AU Equity,GENEX POWER LTD,AUD,#N/A,#N/A,#N/A,#N/A,#N/A,#N/A,#N/A,#N/A,#N/A,#N/A,#N/A,#N/A,#N/A,0.0169,0.0034,0.0833,0,0,8.2731,10.8189,10.2538,#N/A,,,,,,,
495,OCC AU Equity,ORTHOCELL LTD,AUD,#N/A,#N/A,#N/A,#N/A,#N/A,#N/A,#N/A,#N/A,#N/A,#N/A,#N/A,0.7975,0.458,0.5243,0.6914,0.7904,0.6665,0.5298,0.6192,0.9457,0.7195,#N/A,,,,,,,
496,CAN AU Equity,CANN GROUP LTD,AUD,#N/A,#N/A,#N/A,#N/A,#N/A,#N/A,#N/A,#N/A,#N/A,#N/A,#N/A,#N/A,#N/A,#N/A,#N/A,#N/A,0,0,0,2.3477,0.6472,#N/A,,,,,,,
497,MCA AU Equity,MURRAY COD AUSTRALIA LTD,AUD,#N/A,#N/A,#N/A,#N/A,#N/A,#N/A,#N/A,#N/A,#N/A,#N/A,#N/A,0,0,0,0.015,0,0,0,0,0,0,#N/A,,,,,,,
498,GSW AU Equity,GETSWIFT LTD,AUD,#N/A,#N/A,#N/A,#N/A,#N/A,#N/A,#N/A,#N/A,#N/A,#N/A,#N/A,#N/A,#N/A,#N/A,#N/A,#N/A,0.1076,0.3364,0.773,2.14,24.9624,#N/A,,,,,,,
499,PPG AU Equity,PRO-PAC PACKAGING LTD,AUD,#N/A,#N/A,#N/A,#N/A,18.4152,3.9212,24.0628,26.0738,71.7229,73.8725,90.944,115.238,133.053,173.131,218.273,243.457,240.774,229.244,371.455,485.81,478.2,#N/A,,,,,,,
500,ERA AU Equity,ENERGY RESOURCES OF AUST,AUD,181.847,232.808,198.703,196.216,236.27,262.036,311.796,357.08,496.359,769.078,573.258,652.316,397.592,357.071,381.721,339.767,286.135,230.652,205.523,228.358,#N/A,#N/A,,,,,,,
